match_id,player1,player2,elapsed_time,set_no,game_no,point_no,p1_sets,p2_sets,p1_games,p2_games,p1_score,p2_score,server,serve_no,point_victor,p1_points_won,p2_points_won,game_victor,set_victor,p1_ace,p2_ace,p1_winner,p2_winner,winner_shot_type,p1_double_fault,p2_double_fault,p1_unf_err,p2_unf_err,p1_net_pt,p2_net_pt,p1_net_pt_won,p2_net_pt_won,p1_break_pt,p2_break_pt,p1_break_pt_won,p2_break_pt_won,p1_break_pt_missed,p2_break_pt_missed,p1_distance_run,p2_distance_run,rally_count,speed_mph,ServeWidth,ServeDepth,ReturnDepth
2023-wimbledon-2601,Elina Svitolina,Marketa Vondrousova,00:00:00,1,1,1,0,0,0,0,0,0,1,2,1,1,0,0,0,0,0,0,0,0,0,0,0,1,0,0,0,0,0,0,0,0,0,0,12.337,12.005,3,81,BW,NCTL,ND
2023-wimbledon-2601,Elina Svitolina,Marketa Vondrousova,00:00:37,1,1,2,0,0,0,0,15,0,1,1,1,2,0,0,0,0,0,1,0,B,0,0,0,0,0,1,0,0,0,0,0,0,0,0,38.013,45.287,11,100,C,NCTL,ND
2023-wimbledon-2601,Elina Svitolina,Marketa Vondrousova,00:01:14,1,1,3,0,0,0,0,30,0,1,1,2,2,1,0,0,0,0,0,1,B,0,0,0,0,0,0,0,0,0,0,0,0,0,0,19.604,13.458,4,107,C,NCTL,ND
2023-wimbledon-2601,Elina Svitolina,Marketa Vondrousova,00:01:44,1,1,4,0,0,0,0,30,15,1,1,1,3,1,0,0,0,0,0,0,0,0,0,0,0,0,1,0,0,0,0,0,0,0,0,24.212,25.312,5,104,W,NCTL,ND
2023-wimbledon-2601,Elina Svitolina,Marketa Vondrousova,00:02:13,1,1,5,0,0,0,0,40,15,1,1,1,4,1,1,0,0,0,0,0,0,0,0,0,0,0,0,0,0,0,0,0,0,0,0,2.532,3.263,1,95,W,CTL,ND
2023-wimbledon-2601,Elina Svitolina,Marketa Vondrousova,00:02:57,1,2,6,0,0,1,0,0,0,2,1,2,4,2,0,0,0,0,0,1,F,0,0,0,0,0,1,0,1,0,0,0,0,0,0,14.102,13.715,5,105,BC,NCTL,ND
2023-wimbledon-2601,Elina Svitolina,Marketa Vondrousova,00:03:18,1,2,7,0,0,1,0,0,15,2,1,2,4,3,0,0,0,1,0,1,0,0,0,0,0,0,0,0,0,0,0,0,0,0,0,1.24,0.743,1,92,W,CTL,
2023-wimbledon-2601,Elina Svitolina,Marketa Vondrousova,00:03:34,1,2,8,0,0,1,0,0,30,2,2,1,5,3,0,0,0,0,1,0,F,0,0,0,0,1,0,1,0,0,0,0,0,0,0,15.876,17.617,6,86,BW,NCTL,ND
2023-wimbledon-2601,Elina Svitolina,Marketa Vondrousova,00:04:08,1,2,9,0,0,1,0,15,30,2,1,2,5,4,0,0,0,0,0,0,0,0,0,0,0,0,0,0,0,0,0,0,0,0,0,31.218,26.422,5,101,BW,NCTL,ND
2023-wimbledon-2601,Elina Svitolina,Marketa Vondrousova,00:04:57,1,2,10,0,0,1,0,15,40,2,1,2,5,5,2,0,0,0,0,0,0,0,0,0,0,0,0,0,0,0,0,0,0,0,0,24.382,23.153,7,113,C,NCTL,ND
2023-wimbledon-2601,Elina Svitolina,Marketa Vondrousova,00:05:38,1,3,11,0,0,1,1,0,0,1,2,1,6,5,0,0,0,0,1,0,B,0,0,0,0,1,0,1,0,0,0,0,0,0,0,17.262,21.037,5,81,B,NCTL,ND
2023-wimbledon-2601,Elina Svitolina,Marketa Vondrousova,00:06:17,1,3,12,0,0,1,1,15,0,1,2,1,7,5,0,0,0,0,0,0,0,0,0,0,1,0,0,0,0,0,0,0,0,0,0,39.547,41.531,11,82,B,NCTL,ND
2023-wimbledon-2601,Elina Svitolina,Marketa Vondrousova,00:07:28,1,3,13,0,0,1,1,30,0,1,2,2,7,6,0,0,0,0,0,0,0,0,0,0,0,0,0,0,0,0,0,0,0,0,0,7.444,6.675,2,82,BC,NCTL,ND
2023-wimbledon-2601,Elina Svitolina,Marketa Vondrousova,00:08:03,1,3,14,0,0,1,1,30,15,1,1,1,8,6,0,0,0,0,0,0,0,0,0,0,0,0,0,0,0,0,0,0,0,0,0,10.799,13.627,3,97,B,NCTL,D
2023-wimbledon-2601,Elina Svitolina,Marketa Vondrousova,00:08:27,1,3,15,0,0,1,1,40,15,1,1,1,9,6,1,0,0,0,0,0,0,0,0,0,0,0,0,0,0,0,0,0,0,0,0,8.332,13.747,3,96,BW,NCTL,D
2023-wimbledon-2601,Elina Svitolina,Marketa Vondrousova,00:09:58,1,4,16,0,0,2,1,0,0,2,1,2,9,7,0,0,0,0,0,1,B,0,0,0,0,0,1,0,1,0,0,0,0,0,0,24.316,15.637,5,104,W,NCTL,ND
2023-wimbledon-2601,Elina Svitolina,Marketa Vondrousova,00:10:26,1,4,17,0,0,2,1,0,15,2,1,2,9,8,0,0,0,0,0,1,F,0,0,0,0,0,0,0,0,0,0,0,0,0,0,10.418,10.164,3,100,C,NCTL,ND
2023-wimbledon-2601,Elina Svitolina,Marketa Vondrousova,00:10:46,1,4,18,0,0,2,1,0,30,2,1,1,10,8,0,0,0,0,0,0,0,0,0,0,1,0,0,0,0,0,0,0,0,0,0,11.068,8.799,2,102,C,NCTL,ND
2023-wimbledon-2601,Elina Svitolina,Marketa Vondrousova,00:11:06,1,4,19,0,0,2,1,15,30,2,1,2,10,9,0,0,0,0,0,0,0,0,0,0,0,0,0,0,0,0,0,0,0,0,0,3.916,2.942,1,100,W,CTL,ND
2023-wimbledon-2601,Elina Svitolina,Marketa Vondrousova,00:11:23,1,4,20,0,0,2,1,15,40,2,1,1,11,9,0,0,0,0,1,0,B,0,0,0,0,0,0,0,0,0,0,0,0,0,0,28.899,28.964,8,112,BC,NCTL,ND
2023-wimbledon-2601,Elina Svitolina,Marketa Vondrousova,00:11:56,1,4,21,0,0,2,1,30,40,2,1,2,11,10,2,0,0,0,0,0,0,0,0,0,0,0,0,0,0,0,0,0,0,0,0,5.669,4.016,1,108,C,CTL,ND
2023-wimbledon-2601,Elina Svitolina,Marketa Vondrousova,00:12:29,1,5,22,0,0,2,2,0,0,1,1,2,11,11,0,0,0,0,0,0,0,0,0,1,0,0,0,0,0,0,0,0,0,0,0,29.51,26.622,8,103,BC,CTL,ND
2023-wimbledon-2601,Elina Svitolina,Marketa Vondrousova,00:13:02,1,5,23,0,0,2,2,0,15,1,1,2,11,12,0,0,0,0,0,0,0,0,0,1,0,0,0,0,0,0,0,0,0,0,0,25.749,20.62,6,100,B,NCTL,ND
2023-wimbledon-2601,Elina Svitolina,Marketa Vondrousova,00:13:33,1,5,24,0,0,2,2,0,30,1,2,2,11,13,0,0,0,0,0,0,0,0,0,0,0,0,0,0,0,0,0,0,0,0,0,29.002,24.208,6,85,BC,NCTL,D
2023-wimbledon-2601,Elina Svitolina,Marketa Vondrousova,00:14:16,1,5,25,0,0,2,2,0,40,1,1,2,11,14,2,0,0,0,0,1,F,0,0,0,0,1,0,0,0,0,1,0,1,0,0,12.829,14.678,4,99,C,CTL,ND
2023-wimbledon-2601,Elina Svitolina,Marketa Vondrousova,00:16:10,1,6,26,0,0,2,3,0,0,2,2,1,12,14,0,0,0,0,0,0,0,0,0,0,1,0,0,0,0,0,0,0,0,0,0,7.806,8.467,2,77,B,NCTL,ND
2023-wimbledon-2601,Elina Svitolina,Marketa Vondrousova,00:16:38,1,6,27,0,0,2,3,15,0,2,2,1,13,14,0,0,0,0,0,0,0,0,1,0,1,0,0,0,0,0,0,0,0,0,0,15.719,13.275,0,0,C,NCTL,D
2023-wimbledon-2601,Elina Svitolina,Marketa Vondrousova,00:17:18,1,6,28,0,0,2,3,30,0,2,1,2,13,15,0,0,0,1,0,1,0,0,0,0,0,0,0,0,0,0,0,0,0,0,0,1.59,1.888,1,97,C,CTL,
2023-wimbledon-2601,Elina Svitolina,Marketa Vondrousova,00:17:33,1,6,29,0,0,2,3,30,15,2,1,2,13,16,0,0,0,0,0,1,F,0,0,0,0,0,0,0,0,0,0,0,0,0,0,30.795,25.045,7,99,BW,NCTL,ND
2023-wimbledon-2601,Elina Svitolina,Marketa Vondrousova,00:18:02,1,6,30,0,0,2,3,30,30,2,2,1,14,16,0,0,0,0,0,0,0,0,1,0,1,0,0,0,0,0,0,0,0,0,0,2.883,2.087,0,0,C,CTL,
2023-wimbledon-2601,Elina Svitolina,Marketa Vondrousova,00:18:32,1,6,31,0,0,2,3,40,30,2,1,2,14,17,0,0,0,0,0,0,0,0,0,0,0,1,0,0,0,1,0,0,0,0,0,16.929,13.945,3,105,BC,NCTL,ND
2023-wimbledon-2601,Elina Svitolina,Marketa Vondrousova,00:18:59,1,6,32,0,0,2,3,40,40,2,1,1,15,17,0,0,0,0,0,0,0,0,0,0,1,0,1,0,0,0,0,0,0,0,0,11.649,10.353,2,109,BC,NCTL,ND
2023-wimbledon-2601,Elina Svitolina,Marketa Vondrousova,00:19:18,1,6,33,0,0,2,3,50,40,2,1,1,16,17,1,0,0,0,0,0,0,0,0,0,1,0,0,0,0,1,0,1,0,0,0,10.067,6.786,2,103,C,NCTL,ND
2023-wimbledon-2601,Elina Svitolina,Marketa Vondrousova,00:19:58,1,7,34,0,0,3,3,0,0,1,1,2,16,18,0,0,0,0,0,0,0,0,0,1,0,0,0,0,0,0,0,0,0,0,0,7.953,8.151,2,91,BW,NCTL,D
2023-wimbledon-2601,Elina Svitolina,Marketa Vondrousova,00:20:21,1,7,35,0,0,3,3,0,15,1,1,2,16,19,0,0,0,0,0,0,0,0,0,1,0,0,0,0,0,0,0,0,0,0,0,9.021,13.57,2,104,W,CTL,D
2023-wimbledon-2601,Elina Svitolina,Marketa Vondrousova,00:20:46,1,7,36,0,0,3,3,0,30,1,2,2,16,20,0,0,0,0,0,0,0,0,0,1,0,0,0,0,0,0,0,0,0,0,0,44.933,41.498,12,82,BC,NCTL,ND
2023-wimbledon-2601,Elina Svitolina,Marketa Vondrousova,00:21:42,1,7,37,0,0,3,3,0,40,1,1,1,17,20,0,0,0,0,1,0,F,0,0,0,0,0,0,0,0,0,1,0,0,0,0,18.489,25.131,7,99,BC,NCTL,ND
2023-wimbledon-2601,Elina Svitolina,Marketa Vondrousova,00:22:25,1,7,38,0,0,3,3,15,40,1,2,2,17,21,2,0,0,0,0,0,0,0,0,0,0,0,0,0,0,0,1,0,1,0,0,7.751,7.169,2,82,B,NCTL,ND
2023-wimbledon-2601,Elina Svitolina,Marketa Vondrousova,00:24:04,1,8,39,0,0,3,4,0,0,2,1,2,17,22,0,0,0,0,0,0,0,0,0,1,0,0,0,0,0,0,0,0,0,0,0,13.469,9.961,3,100,BC,CTL,ND
2023-wimbledon-2601,Elina Svitolina,Marketa Vondrousova,00:24:23,1,8,40,0,0,3,4,0,15,2,1,2,17,23,0,0,0,0,0,0,0,0,0,0,0,0,0,0,0,0,0,0,0,0,0,2.851,2.128,1,100,BW,NCTL,ND
2023-wimbledon-2601,Elina Svitolina,Marketa Vondrousova,00:24:40,1,8,41,0,0,3,4,0,30,2,1,2,17,24,0,0,0,0,0,0,0,0,0,0,0,0,0,0,0,0,0,0,0,0,0,6.565,6.785,1,108,W,CTL,ND
2023-wimbledon-2601,Elina Svitolina,Marketa Vondrousova,00:24:58,1,8,42,0,0,3,4,0,40,2,2,2,17,25,2,0,0,0,0,0,0,0,0,1,0,0,0,0,0,0,0,0,0,0,0,15.29,10.521,3,83,BW,NCTL,D
2023-wimbledon-2601,Elina Svitolina,Marketa Vondrousova,00:25:46,1,9,43,0,0,3,5,0,0,1,1,1,18,25,0,0,0,0,0,0,0,0,0,0,0,0,0,0,0,0,0,0,0,0,0,38.138,48.531,11,99,BC,NCTL,D
2023-wimbledon-2601,Elina Svitolina,Marketa Vondrousova,00:26:26,1,9,44,0,0,3,5,15,0,1,1,1,19,25,0,0,0,0,0,0,0,0,0,0,1,0,0,0,0,0,0,0,0,0,0,17.404,16.04,5,98,C,NCTL,ND
2023-wimbledon-2601,Elina Svitolina,Marketa Vondrousova,00:26:52,1,9,45,0,0,3,5,30,0,1,1,2,19,26,0,0,0,0,0,1,F,0,0,0,0,1,0,0,0,0,0,0,0,0,0,13.602,17.308,4,98,W,CTL,ND
2023-wimbledon-2601,Elina Svitolina,Marketa Vondrousova,00:27:18,1,9,46,0,0,3,5,30,15,1,2,1,20,26,0,0,0,0,0,0,0,0,0,0,0,0,0,0,0,0,0,0,0,0,0,19.214,19.141,5,83,BC,CTL,ND
2023-wimbledon-2601,Elina Svitolina,Marketa Vondrousova,00:27:55,1,9,47,0,0,3,5,40,15,1,1,2,20,27,0,0,0,0,0,1,F,0,0,0,0,0,0,0,0,0,0,0,0,0,0,19.718,17.41,6,96,BW,NCTL,D
2023-wimbledon-2601,Elina Svitolina,Marketa Vondrousova,00:28:25,1,9,48,0,0,3,5,40,30,1,1,2,20,28,0,0,0,0,0,0,0,0,0,1,0,0,0,0,0,0,0,0,0,0,0,14.708,16.76,4,101,BW,NCTL,ND
2023-wimbledon-2601,Elina Svitolina,Marketa Vondrousova,00:28:54,1,9,49,0,0,3,5,40,40,1,1,2,20,29,0,0,0,0,0,1,F,0,0,0,0,0,0,0,0,0,0,0,0,0,0,26.081,27.638,6,93,W,CTL,ND
2023-wimbledon-2601,Elina Svitolina,Marketa Vondrousova,00:29:39,1,9,50,0,0,3,5,40,50,1,1,2,20,30,2,2,0,0,0,0,0,0,0,1,0,1,0,0,0,0,1,0,1,0,0,8.151,9.283,2,101,C,CTL,ND
2023-wimbledon-2601,Elina Svitolina,Marketa Vondrousova,00:31:30,2,1,51,0,0,3,6,0,0,2,2,2,20,31,0,0,0,0,0,0,0,0,0,1,0,0,0,0,0,0,0,0,0,0,0,12.305,12.957,3,77,BC,NCTL,D
2023-wimbledon-2601,Elina Svitolina,Marketa Vondrousova,00:32:00,2,1,52,0,1,0,0,0,15,2,1,2,20,32,0,0,0,0,0,1,F,0,0,0,0,0,0,0,0,0,0,0,0,0,0,9.223,6.314,3,110,BC,NCTL,ND
2023-wimbledon-2601,Elina Svitolina,Marketa Vondrousova,00:32:20,2,1,53,0,1,0,0,0,30,2,2,1,21,32,0,0,0,0,0,0,0,0,0,0,1,0,0,0,0,0,0,0,0,0,0,19.15,16.52,4,87,BC,NCTL,ND
2023-wimbledon-2601,Elina Svitolina,Marketa Vondrousova,00:32:54,2,1,54,0,1,0,0,15,30,2,1,2,21,33,0,0,0,0,0,0,0,0,0,0,0,0,0,0,0,0,0,0,0,0,0,3.34,2.82,1,100,W,NCTL,ND
2023-wimbledon-2601,Elina Svitolina,Marketa Vondrousova,00:33:12,2,1,55,0,1,0,0,15,40,2,2,2,21,34,2,0,0,0,0,0,0,0,0,1,0,0,0,0,0,0,0,0,0,0,0,15.508,17.382,3,93,C,NCTL,D
2023-wimbledon-2601,Elina Svitolina,Marketa Vondrousova,00:34:08,2,2,56,0,1,0,1,0,0,1,1,1,22,34,0,0,0,0,0,0,0,0,0,0,0,0,0,0,0,0,0,0,0,0,0,14.457,17.146,3,102,C,CTL,ND
2023-wimbledon-2601,Elina Svitolina,Marketa Vondrousova,00:34:34,2,2,57,0,1,0,1,15,0,1,1,2,22,35,0,0,0,0,0,0,0,0,0,1,0,0,0,0,0,0,0,0,0,0,0,33.385,30.553,10,99,C,NCTL,ND
2023-wimbledon-2601,Elina Svitolina,Marketa Vondrousova,00:35:08,2,2,58,0,1,0,1,15,15,1,1,1,23,35,0,0,0,0,0,0,0,0,0,0,0,1,0,1,0,0,0,0,0,0,0,24.393,22.515,3,106,C,NCTL,ND
2023-wimbledon-2601,Elina Svitolina,Marketa Vondrousova,00:35:36,2,2,59,0,1,0,1,30,15,1,1,2,23,36,0,0,0,0,0,0,0,0,0,0,0,1,0,0,0,0,0,0,0,0,0,56.335,46.681,12,101,BC,NCTL,ND
2023-wimbledon-2601,Elina Svitolina,Marketa Vondrousova,00:36:44,2,2,60,0,1,0,1,30,30,1,1,2,23,37,0,0,0,0,0,0,0,0,0,1,0,0,0,0,0,0,0,0,0,0,0,6.52,10.458,2,94,W,NCTL,ND
2023-wimbledon-2601,Elina Svitolina,Marketa Vondrousova,00:37:14,2,2,61,0,1,0,1,30,40,1,1,1,24,37,0,0,0,0,1,0,B,0,0,0,0,1,0,1,0,0,1,0,0,0,0,14.057,13.04,5,104,BW,NCTL,ND
2023-wimbledon-2601,Elina Svitolina,Marketa Vondrousova,00:37:45,2,2,62,0,1,0,1,40,40,1,1,2,24,38,0,0,0,0,0,1,F,0,0,0,0,1,0,0,0,0,0,0,0,0,0,27.448,32.226,6,94,W,NCTL,D
2023-wimbledon-2601,Elina Svitolina,Marketa Vondrousova,00:38:21,2,2,63,0,1,0,1,40,50,1,1,2,24,39,2,0,0,0,0,0,0,0,0,0,0,0,0,0,0,0,1,0,1,0,0,14.725,14.884,4,100,C,NCTL,ND
2023-wimbledon-2601,Elina Svitolina,Marketa Vondrousova,00:38:55,2,3,64,0,1,0,2,0,0,2,1,2,24,40,0,0,0,0,0,0,0,0,0,0,0,0,0,0,0,0,0,0,0,0,0,5.427,5.332,1,108,W,NCTL,ND
2023-wimbledon-2601,Elina Svitolina,Marketa Vondrousova,00:39:12,2,3,65,0,1,0,2,0,15,2,2,2,24,41,0,0,0,0,0,1,B,0,0,0,0,1,0,0,0,0,0,0,0,0,0,25.532,18.625,5,95,BC,NCTL,ND
2023-wimbledon-2601,Elina Svitolina,Marketa Vondrousova,00:39:49,2,3,66,0,1,0,2,0,30,2,1,2,24,42,0,0,0,0,0,0,0,0,0,0,0,0,0,0,0,0,0,0,0,0,0,9.638,9.762,1,107,C,NCTL,D
2023-wimbledon-2601,Elina Svitolina,Marketa Vondrousova,00:40:08,2,3,67,0,1,0,2,0,40,2,2,2,24,43,2,0,0,0,0,0,0,0,0,0,0,0,0,0,0,0,0,0,0,0,0,5.67,4.183,1,100,C,CTL,D
2023-wimbledon-2601,Elina Svitolina,Marketa Vondrousova,00:42:20,2,4,68,0,1,0,3,0,0,1,1,1,25,43,0,0,0,0,0,0,0,0,0,0,1,0,0,0,0,0,0,0,0,0,0,10.005,11.837,3,105,C,NCTL,ND
2023-wimbledon-2601,Elina Svitolina,Marketa Vondrousova,00:42:40,2,4,69,0,1,0,3,15,0,1,1,1,26,43,0,0,0,0,0,0,0,0,0,0,0,0,0,0,0,0,0,0,0,0,0,5.504,6.064,1,100,W,CTL,ND
2023-wimbledon-2601,Elina Svitolina,Marketa Vondrousova,00:43:01,2,4,70,0,1,0,3,30,0,1,1,2,26,44,0,0,0,0,0,1,F,0,0,0,0,1,0,0,0,0,0,0,0,0,0,14.49,18.561,4,94,W,CTL,
2023-wimbledon-2601,Elina Svitolina,Marketa Vondrousova,00:43:27,2,4,71,0,1,0,3,30,15,1,1,1,27,44,0,0,0,0,1,0,B,0,0,0,0,0,0,0,0,0,0,0,0,0,0,32.91,45.194,7,106,W,CTL,D
2023-wimbledon-2601,Elina Svitolina,Marketa Vondrousova,00:44:03,2,4,72,0,1,0,3,40,15,1,1,2,27,45,0,0,0,0,0,0,0,0,0,0,0,0,0,0,0,0,0,0,0,0,0,11.472,14.809,4,105,BC,NCTL,ND
2023-wimbledon-2601,Elina Svitolina,Marketa Vondrousova,00:44:29,2,4,73,0,1,0,3,40,30,1,2,2,27,46,0,0,0,0,0,1,F,0,0,0,0,1,0,0,0,0,0,0,0,0,0,28.466,15.98,6,86,BC,NCTL,D
2023-wimbledon-2601,Elina Svitolina,Marketa Vondrousova,00:45:17,2,4,74,0,1,0,3,40,40,1,2,2,27,47,0,0,0,0,0,0,0,0,0,1,0,0,0,0,0,0,0,0,0,0,0,15.658,15.86,4,77,B,NCTL,D
2023-wimbledon-2601,Elina Svitolina,Marketa Vondrousova,00:46:00,2,4,75,0,1,0,3,40,50,1,2,1,28,47,0,0,0,0,0,0,0,0,0,0,1,0,0,0,0,0,1,0,0,0,0,20.161,28.88,7,82,B,NCTL,ND
2023-wimbledon-2601,Elina Svitolina,Marketa Vondrousova,00:46:46,2,4,76,0,1,0,3,40,40,1,2,2,28,48,0,0,0,0,0,1,B,0,0,0,0,0,0,0,0,0,0,0,0,0,0,29.718,37.662,8,83,B,CTL,ND
2023-wimbledon-2601,Elina Svitolina,Marketa Vondrousova,00:47:37,2,4,77,0,1,0,3,40,50,1,1,1,29,48,0,0,0,0,0,0,0,0,0,0,1,0,1,0,0,0,1,0,0,0,0,28.875,30.455,7,107,W,CTL,D
2023-wimbledon-2601,Elina Svitolina,Marketa Vondrousova,00:48:16,2,4,78,0,1,0,3,40,40,1,1,1,30,48,0,0,0,0,0,0,0,0,0,0,1,0,0,0,0,0,0,0,0,0,0,12.373,14.669,3,88,BW,NCTL,D
2023-wimbledon-2601,Elina Svitolina,Marketa Vondrousova,00:48:49,2,4,79,0,1,0,3,50,40,1,2,2,30,49,0,0,0,0,0,1,B,0,0,0,0,0,0,0,0,0,0,0,0,0,0,3.997,3.406,2,80,BC,NCTL,D
2023-wimbledon-2601,Elina Svitolina,Marketa Vondrousova,00:49:22,2,4,80,0,1,0,3,40,40,1,1,2,30,50,0,0,0,0,0,0,0,0,0,1,0,0,0,0,0,0,0,0,0,0,0,29.446,31.772,8,107,C,NCTL,ND
2023-wimbledon-2601,Elina Svitolina,Marketa Vondrousova,00:50:00,2,4,81,0,1,0,3,40,50,1,2,1,31,50,0,0,0,0,0,0,0,0,0,0,1,0,0,0,0,0,1,0,0,0,0,3.758,3.25,1,79,BC,NCTL,
2023-wimbledon-2601,Elina Svitolina,Marketa Vondrousova,00:50:44,2,4,82,0,1,0,3,40,40,1,1,2,31,51,0,0,0,0,0,0,0,0,0,1,0,0,0,0,0,0,0,0,0,0,0,8.71,12.908,2,94,W,CTL,D
2023-wimbledon-2601,Elina Svitolina,Marketa Vondrousova,00:51:09,2,4,83,0,1,0,3,40,50,1,2,2,31,52,2,0,0,0,0,0,0,0,0,1,0,0,0,0,0,0,1,0,1,0,0,18.845,22.914,6,77,B,NCTL,ND
2023-wimbledon-2601,Elina Svitolina,Marketa Vondrousova,00:52:00,2,5,84,0,1,0,4,0,0,2,1,2,31,53,0,0,0,0,0,0,0,0,0,0,0,0,0,0,0,0,0,0,0,0,0,4.826,4.776,1,108,W,CTL,ND
2023-wimbledon-2601,Elina Svitolina,Marketa Vondrousova,00:52:18,2,5,85,0,1,0,4,0,15,2,2,2,31,54,0,0,0,0,0,0,0,0,0,1,0,0,0,0,0,0,0,0,0,0,0,18.893,14.363,3,90,B,NCTL,ND
2023-wimbledon-2601,Elina Svitolina,Marketa Vondrousova,00:53:02,2,5,86,0,1,0,4,0,30,2,1,2,31,55,0,0,0,0,0,0,0,0,0,0,0,0,0,0,0,0,0,0,0,0,0,4.458,4.819,1,113,W,NCTL,D
2023-wimbledon-2601,Elina Svitolina,Marketa Vondrousova,00:53:22,2,5,87,0,1,0,4,0,40,2,1,1,32,55,0,0,0,0,0,0,0,0,0,0,0,0,0,0,0,0,0,0,0,0,0,7.02,4.946,2,101,BW,NCTL,D
2023-wimbledon-2601,Elina Svitolina,Marketa Vondrousova,00:53:40,2,5,88,0,1,0,4,15,40,2,2,1,33,55,0,0,0,0,0,0,0,0,0,0,0,0,0,0,0,0,0,0,0,0,0,40.292,43.457,10,71,C,NCTL,ND
2023-wimbledon-2601,Elina Svitolina,Marketa Vondrousova,00:54:31,2,5,89,0,1,0,4,30,40,2,2,1,34,55,0,0,0,0,0,0,0,0,1,0,1,0,0,0,0,0,0,0,0,0,0,1.662,0.997,0,0,W,CTL,
2023-wimbledon-2601,Elina Svitolina,Marketa Vondrousova,00:54:59,2,5,90,0,1,0,4,40,40,2,2,2,34,56,0,0,0,0,0,1,F,0,0,0,0,1,0,0,0,0,0,0,0,0,0,50.911,44.949,13,91,C,NCTL,ND
2023-wimbledon-2601,Elina Svitolina,Marketa Vondrousova,00:55:51,2,5,91,0,1,0,4,40,50,2,2,1,35,56,0,0,0,0,0,0,0,0,0,0,1,0,0,0,0,0,0,0,0,0,0,8.444,7.089,2,92,BC,NCTL,D
2023-wimbledon-2601,Elina Svitolina,Marketa Vondrousova,00:56:23,2,5,92,0,1,0,4,40,40,2,1,2,35,57,0,0,0,0,0,1,B,0,0,0,0,0,1,0,1,0,0,0,0,0,0,15.763,15.536,5,105,C,NCTL,ND
2023-wimbledon-2601,Elina Svitolina,Marketa Vondrousova,00:56:51,2,5,93,0,1,0,4,40,50,2,2,1,36,57,0,0,0,0,0,0,0,0,1,0,1,0,0,0,0,0,0,0,0,0,0,2.28,1.567,0,0,B,CTL,
2023-wimbledon-2601,Elina Svitolina,Marketa Vondrousova,00:57:20,2,5,94,0,1,0,4,40,40,2,2,1,37,57,0,0,0,0,1,0,F,0,0,0,0,0,0,0,0,0,0,0,0,0,0,25.93,34.239,8,80,C,NCTL,D
2023-wimbledon-2601,Elina Svitolina,Marketa Vondrousova,00:58:00,2,5,95,0,1,0,4,50,40,2,1,2,37,58,0,0,0,1,0,1,0,0,0,0,0,0,0,0,0,1,0,0,0,0,0,1.651,1.208,1,96,W,CTL,
2023-wimbledon-2601,Elina Svitolina,Marketa Vondrousova,00:58:20,2,5,96,0,1,0,4,40,40,2,2,1,38,58,0,0,0,0,0,0,0,0,0,0,0,1,0,1,0,0,0,0,0,0,0,43.117,33.801,10,76,BC,NCTL,ND
2023-wimbledon-2601,Elina Svitolina,Marketa Vondrousova,00:59:32,2,5,97,0,1,0,4,50,40,2,1,1,39,58,1,0,0,0,0,0,0,0,0,0,1,0,0,0,0,1,0,1,0,0,0,20.929,15.396,4,106,BC,CTL,ND
2023-wimbledon-2601,Elina Svitolina,Marketa Vondrousova,01:01:24,2,6,98,0,1,1,4,0,0,1,1,1,40,58,0,0,0,0,0,0,0,0,0,0,0,1,0,1,0,0,0,0,0,0,0,17.584,19.45,5,90,W,NCTL,ND
2023-wimbledon-2601,Elina Svitolina,Marketa Vondrousova,01:01:52,2,6,99,0,1,1,4,15,0,1,1,1,41,58,0,0,0,0,0,0,0,0,0,0,0,0,0,0,0,0,0,0,0,0,0,5.021,4.574,1,99,C,NCTL,D
2023-wimbledon-2601,Elina Svitolina,Marketa Vondrousova,01:02:13,2,6,100,0,1,1,4,30,0,1,1,1,42,58,0,0,0,0,0,0,0,0,0,0,0,0,1,0,0,0,0,0,0,0,0,33.955,31.869,9,94,W,CTL,ND
2023-wimbledon-2601,Elina Svitolina,Marketa Vondrousova,01:02:52,2,6,101,0,1,1,4,40,0,1,1,1,43,58,1,0,0,0,1,0,F,0,0,0,0,0,0,0,0,0,0,0,0,0,0,11.042,11.139,3,104,BW,NCTL,ND
2023-wimbledon-2601,Elina Svitolina,Marketa Vondrousova,01:03:21,2,7,102,0,1,2,4,0,0,2,1,1,44,58,0,0,0,0,0,0,0,0,0,0,0,0,0,0,0,0,0,0,0,0,0,28.472,24.318,6,104,BC,NCTL,D
2023-wimbledon-2601,Elina Svitolina,Marketa Vondrousova,01:04:00,2,7,103,0,1,2,4,15,0,2,2,1,45,58,0,0,0,0,0,0,0,0,0,0,1,0,0,0,0,0,0,0,0,0,0,11.357,6.467,2,92,BC,NCTL,ND
2023-wimbledon-2601,Elina Svitolina,Marketa Vondrousova,01:04:30,2,7,104,0,1,2,4,30,0,2,1,2,45,59,0,0,0,0,0,0,0,0,0,0,0,0,0,0,0,0,0,0,0,0,0,6.782,9.136,1,106,C,NCTL,ND
2023-wimbledon-2601,Elina Svitolina,Marketa Vondrousova,01:05:05,2,7,105,0,1,2,4,30,15,2,1,2,45,60,0,0,0,0,0,0,0,0,0,1,0,0,0,0,0,0,0,0,0,0,0,19.57,18.371,5,101,W,CTL,D
2023-wimbledon-2601,Elina Svitolina,Marketa Vondrousova,01:05:30,2,7,106,0,1,2,4,30,30,2,1,1,46,60,0,0,0,0,0,0,0,0,0,0,0,0,1,0,0,0,0,0,0,0,0,24.315,18.999,4,111,BW,CTL,ND
2023-wimbledon-2601,Elina Svitolina,Marketa Vondrousova,01:05:59,2,7,107,0,1,2,4,40,30,2,1,2,46,61,0,0,0,0,0,0,0,0,0,0,0,1,0,0,0,1,0,0,0,0,0,61.845,38.561,11,111,C,NCTL,ND
2023-wimbledon-2601,Elina Svitolina,Marketa Vondrousova,01:06:38,2,7,108,0,1,2,4,40,40,2,1,2,46,62,0,0,0,0,0,0,0,0,0,1,0,0,0,0,0,0,0,0,0,0,0,35.424,34.27,9,102,BC,NCTL,ND
2023-wimbledon-2601,Elina Svitolina,Marketa Vondrousova,01:07:21,2,7,109,0,1,2,4,40,50,2,2,1,47,62,0,0,0,0,0,0,0,0,1,0,1,0,0,0,0,0,0,0,0,0,0,2.43,1.805,0,0,BC,CTL,
2023-wimbledon-2601,Elina Svitolina,Marketa Vondrousova,01:07:51,2,7,110,0,1,2,4,40,40,2,1,1,48,62,0,0,0,0,0,0,0,0,0,0,1,0,0,0,0,0,0,0,0,0,0,24.164,12.392,4,108,C,NCTL,ND
2023-wimbledon-2601,Elina Svitolina,Marketa Vondrousova,01:08:20,2,7,111,0,1,2,4,50,40,2,1,1,49,62,1,0,0,0,0,0,0,0,0,0,1,0,0,0,0,1,0,1,0,0,0,11.047,5.861,2,97,W,NCTL,ND
2023-wimbledon-2601,Elina Svitolina,Marketa Vondrousova,01:10:05,2,8,112,0,1,3,4,0,0,1,1,1,50,62,0,0,0,0,0,0,0,0,0,0,0,0,0,0,0,0,0,0,0,0,0,2.709,2.931,1,108,BC,NCTL,ND
2023-wimbledon-2601,Elina Svitolina,Marketa Vondrousova,01:10:29,2,8,113,0,1,3,4,15,0,1,2,2,50,63,0,0,0,0,0,0,0,1,0,1,0,0,0,0,0,0,0,0,0,0,0,4.961,5.158,0,0,B,CTL,ND
2023-wimbledon-2601,Elina Svitolina,Marketa Vondrousova,01:11:01,2,8,114,0,1,3,4,15,15,1,1,2,50,64,0,0,0,0,0,0,0,0,0,1,0,0,0,0,0,0,0,0,0,0,0,16.16,19.474,4,91,BW,NCTL,ND
2023-wimbledon-2601,Elina Svitolina,Marketa Vondrousova,01:11:29,2,8,115,0,1,3,4,15,30,1,1,2,50,65,0,0,0,0,0,0,0,0,0,0,0,1,0,0,0,0,0,0,0,0,0,14.44,17.022,4,100,BC,CTL,ND
2023-wimbledon-2601,Elina Svitolina,Marketa Vondrousova,01:11:59,2,8,116,0,1,3,4,15,40,1,1,2,50,66,2,0,0,0,0,0,0,0,0,1,0,0,0,0,0,0,1,0,1,0,0,14.74,19.017,4,102,C,NCTL,D
2023-wimbledon-2601,Elina Svitolina,Marketa Vondrousova,01:12:32,2,9,117,0,1,3,5,0,0,2,1,2,50,67,0,0,0,0,0,0,0,0,0,0,0,0,0,0,0,0,0,0,0,0,0,5.696,4.576,1,104,BC,NCTL,ND
2023-wimbledon-2601,Elina Svitolina,Marketa Vondrousova,01:12:50,2,9,118,0,1,3,5,0,15,2,2,2,50,68,0,0,0,0,0,0,0,0,0,1,0,0,0,0,0,0,0,0,0,0,0,30.292,30.578,7,82,C,NCTL,D
2023-wimbledon-2601,Elina Svitolina,Marketa Vondrousova,01:13:27,2,9,119,0,1,3,5,0,30,2,2,1,51,68,0,0,0,0,0,0,0,0,1,0,1,0,0,0,0,0,0,0,0,0,0,1.272,1.333,0,0,BC,CTL,
2023-wimbledon-2601,Elina Svitolina,Marketa Vondrousova,01:13:57,2,9,120,0,1,3,5,15,30,2,2,1,52,68,0,0,0,0,0,0,0,0,0,0,1,0,0,0,0,0,0,0,0,0,0,45.947,37.874,12,84,W,NCTL,D
2023-wimbledon-2601,Elina Svitolina,Marketa Vondrousova,01:14:44,2,9,121,0,1,3,5,30,30,2,1,2,52,69,0,0,0,1,0,1,0,0,0,0,0,0,0,0,0,0,0,0,0,0,0,1.238,1.025,1,101,C,NCTL,
2023-wimbledon-2601,Elina Svitolina,Marketa Vondrousova,01:15:04,2,9,122,0,1,3,5,30,40,2,1,2,52,70,2,2,0,0,0,0,0,0,0,0,0,0,0,0,0,0,0,0,0,0,0,6.088,5.266,1,112,BC,CTL,D
2023-wimbledon-2602,Ons Jabeur,Aryna Sabalenka,00:00:00,1,1,1,0,0,0,0,0,0,2,1,2,0,1,0,0,0,0,0,0,0,0,0,1,0,0,0,0,0,0,0,0,0,0,0,15.907,12.641,3,111,BC,NCTL,D
2023-wimbledon-2602,Ons Jabeur,Aryna Sabalenka,00:00:25,1,1,2,0,0,0,0,0,15,2,1,2,0,2,0,0,0,0,0,0,0,0,0,0,0,0,0,0,0,0,0,0,0,0,0,5.727,3.021,1,107,BW,NCTL,ND
2023-wimbledon-2602,Ons Jabeur,Aryna Sabalenka,00:00:45,1,1,3,0,0,0,0,0,30,2,1,2,0,3,0,0,0,0,0,0,0,0,0,0,0,0,0,0,0,0,0,0,0,0,0,6.342,6.011,1,114,C,NCTL,ND
2023-wimbledon-2602,Ons Jabeur,Aryna Sabalenka,00:01:09,1,1,4,0,0,0,0,0,40,2,2,2,0,4,2,0,0,0,0,0,0,0,0,0,0,0,0,0,0,0,0,0,0,0,0,3.531,4.061,1,85,BW,NCTL,D
2023-wimbledon-2602,Ons Jabeur,Aryna Sabalenka,00:02:06,1,2,5,0,0,0,1,0,0,1,1,1,1,4,0,0,0,0,1,0,F,0,0,0,0,0,0,0,0,0,0,0,0,0,0,5.754,8.895,3,94,W,CTL,ND
2023-wimbledon-2602,Ons Jabeur,Aryna Sabalenka,00:02:22,1,2,6,0,0,0,1,15,0,1,1,2,1,5,0,0,0,0,0,0,0,0,0,1,0,0,0,0,0,0,0,0,0,0,0,6.727,9.15,2,94,W,CTL,ND
2023-wimbledon-2602,Ons Jabeur,Aryna Sabalenka,00:02:40,1,2,7,0,0,0,1,15,15,1,2,1,2,5,0,0,0,0,0,0,0,0,0,0,1,0,0,0,0,0,0,0,0,0,0,3.584,3.064,1,80,B,CTL,ND
2023-wimbledon-2602,Ons Jabeur,Aryna Sabalenka,00:03:08,1,2,8,0,0,0,1,30,15,1,2,2,2,6,0,0,0,0,0,0,0,0,0,0,0,1,0,0,0,0,0,0,0,0,0,36.547,41.506,10,78,B,NCTL,D
2023-wimbledon-2602,Ons Jabeur,Aryna Sabalenka,00:03:56,1,2,9,0,0,0,1,30,30,1,2,2,2,7,0,0,0,0,0,0,0,0,0,0,0,0,0,0,0,0,0,0,0,0,0,6.037,6.308,2,81,C,NCTL,D
2023-wimbledon-2602,Ons Jabeur,Aryna Sabalenka,00:04:24,1,2,10,0,0,0,1,30,40,1,2,1,3,7,0,0,0,0,0,0,0,0,0,0,1,0,0,0,0,0,1,0,0,0,0,9.747,11.838,1,81,BW,CTL,D
2023-wimbledon-2602,Ons Jabeur,Aryna Sabalenka,00:04:52,1,2,11,0,0,0,1,40,40,1,1,1,4,7,0,0,0,0,0,0,0,0,0,0,1,0,0,0,0,0,0,0,0,0,0,8.841,10.353,3,107,BC,NCTL,ND
2023-wimbledon-2602,Ons Jabeur,Aryna Sabalenka,00:05:12,1,2,12,0,0,0,1,50,40,1,1,1,5,7,1,0,0,0,0,0,0,0,0,0,0,0,0,0,0,0,0,0,0,0,0,2.394,3.328,1,102,W,CTL,ND
2023-wimbledon-2602,Ons Jabeur,Aryna Sabalenka,00:05:48,1,3,13,0,0,1,1,0,0,2,1,1,6,7,0,0,0,0,1,0,B,0,0,0,0,0,0,0,0,0,0,0,0,0,0,50.152,23.863,8,112,W,CTL,D
2023-wimbledon-2602,Ons Jabeur,Aryna Sabalenka,00:06:26,1,3,14,0,0,1,1,15,0,2,1,2,6,8,0,0,0,0,0,0,0,0,0,0,0,0,0,0,0,0,0,0,0,0,0,2.136,2.25,1,116,BW,NCTL,ND
2023-wimbledon-2602,Ons Jabeur,Aryna Sabalenka,00:06:49,1,3,15,0,0,1,1,15,15,2,2,2,6,9,0,0,0,0,0,0,0,0,0,0,0,0,0,0,0,0,0,0,0,0,0,6.642,3.311,1,97,W,CTL,D
2023-wimbledon-2602,Ons Jabeur,Aryna Sabalenka,00:07:28,1,3,16,0,0,1,1,15,30,2,1,1,7,9,0,0,0,0,1,0,B,0,0,0,0,0,1,0,0,0,0,0,0,0,0,12.107,10.784,4,113,C,NCTL,ND
2023-wimbledon-2602,Ons Jabeur,Aryna Sabalenka,00:08:01,1,3,17,0,0,1,1,30,30,2,1,1,8,9,0,0,0,0,0,0,0,0,0,0,1,0,0,0,0,0,0,0,0,0,0,17.616,7.14,2,109,W,NCTL,D
2023-wimbledon-2602,Ons Jabeur,Aryna Sabalenka,00:08:30,1,3,18,0,0,1,1,40,30,2,1,2,8,10,0,0,0,0,0,1,B,0,0,0,0,0,0,0,0,1,0,0,0,0,0,22.182,16.696,5,115,W,NCTL,D
2023-wimbledon-2602,Ons Jabeur,Aryna Sabalenka,00:09:01,1,3,19,0,0,1,1,40,40,2,1,2,8,11,0,0,0,0,0,0,0,0,0,0,0,0,0,0,0,0,0,0,0,0,0,5.873,6.346,1,121,C,NCTL,ND
2023-wimbledon-2602,Ons Jabeur,Aryna Sabalenka,00:09:24,1,3,20,0,0,1,1,40,50,2,1,1,9,11,0,0,0,0,0,0,0,0,0,0,1,0,0,0,0,0,0,0,0,0,0,28.176,10.91,4,120,BW,NCTL,ND
2023-wimbledon-2602,Ons Jabeur,Aryna Sabalenka,00:09:58,1,3,21,0,0,1,1,40,40,2,1,2,9,12,0,0,0,0,0,0,0,0,0,0,0,0,0,0,0,0,0,0,0,0,0,5.983,4.535,1,116,C,CTL,ND
2023-wimbledon-2602,Ons Jabeur,Aryna Sabalenka,00:10:23,1,3,22,0,0,1,1,40,50,2,1,1,10,12,0,0,0,0,0,0,0,0,0,0,1,0,0,0,0,0,0,0,0,0,0,23.014,16.207,4,115,BC,NCTL,D
2023-wimbledon-2602,Ons Jabeur,Aryna Sabalenka,00:11:00,1,3,23,0,0,1,1,40,40,2,2,2,10,13,0,0,0,0,0,1,B,0,0,0,0,0,0,0,0,0,0,0,0,0,0,17.396,6.444,3,108,BW,NCTL,D
2023-wimbledon-2602,Ons Jabeur,Aryna Sabalenka,00:11:45,1,3,24,0,0,1,1,40,50,2,2,2,10,14,2,0,0,0,0,0,0,0,0,0,0,0,0,0,0,0,0,0,0,0,0,6.194,3.817,1,105,C,NCTL,ND
2023-wimbledon-2602,Ons Jabeur,Aryna Sabalenka,00:13:36,1,4,25,0,0,1,2,0,0,1,2,1,11,14,0,0,0,0,0,0,0,0,0,0,1,0,0,0,0,0,0,0,0,0,0,15.731,15.675,5,81,BW,NCTL,D
2023-wimbledon-2602,Ons Jabeur,Aryna Sabalenka,00:14:09,1,4,26,0,0,1,2,15,0,1,1,2,11,15,0,0,0,0,0,1,B,0,0,0,0,0,0,0,0,0,0,0,0,0,0,16.21,20.767,6,104,C,CTL,D
2023-wimbledon-2602,Ons Jabeur,Aryna Sabalenka,00:14:32,1,4,27,0,0,1,2,15,15,1,1,1,12,15,0,0,0,0,1,0,F,0,0,0,0,0,1,0,0,0,0,0,0,0,0,18.574,25.747,5,105,C,NCTL,D
2023-wimbledon-2602,Ons Jabeur,Aryna Sabalenka,00:15:00,1,4,28,0,0,1,2,30,15,1,1,1,13,15,0,0,0,0,0,0,0,0,0,0,0,0,0,0,0,0,0,0,0,0,0,4.646,10.063,1,107,C,NCTL,D
2023-wimbledon-2602,Ons Jabeur,Aryna Sabalenka,00:15:18,1,4,29,0,0,1,2,40,15,1,2,2,13,16,0,0,0,0,0,0,0,1,0,1,0,0,0,0,0,0,0,0,0,0,0,3.236,4.214,0,0,BC,CTL,D
2023-wimbledon-2602,Ons Jabeur,Aryna Sabalenka,00:15:54,1,4,30,0,0,1,2,40,30,1,1,1,14,16,1,0,0,0,0,0,0,0,0,0,0,0,0,0,0,0,0,0,0,0,0,3.942,5.524,1,97,W,CTL,ND
2023-wimbledon-2602,Ons Jabeur,Aryna Sabalenka,00:16:24,1,5,31,0,0,2,2,0,0,2,1,2,14,17,0,0,0,0,0,0,0,0,0,0,0,0,0,0,0,0,0,0,0,0,0,3.141,2.434,1,110,BW,NCTL,ND
2023-wimbledon-2602,Ons Jabeur,Aryna Sabalenka,00:16:43,1,5,32,0,0,2,2,0,15,2,2,1,15,17,0,0,0,0,0,0,0,0,0,0,1,0,1,0,0,0,0,0,0,0,0,17.58,11.755,2,80,W,CTL,ND
2023-wimbledon-2602,Ons Jabeur,Aryna Sabalenka,00:17:47,1,5,33,0,0,2,2,15,15,2,1,1,16,17,0,0,0,0,1,0,F,0,0,0,0,0,1,0,0,0,0,0,0,0,0,33.264,24.152,6,114,W,NCTL,D
2023-wimbledon-2602,Ons Jabeur,Aryna Sabalenka,00:18:27,1,5,34,0,0,2,2,30,15,2,2,1,17,17,0,0,0,0,0,0,0,0,0,0,1,0,0,0,0,0,0,0,0,0,0,20.171,21.55,6,82,BW,NCTL,ND
2023-wimbledon-2602,Ons Jabeur,Aryna Sabalenka,00:19:19,1,5,35,0,0,2,2,40,15,2,1,2,17,18,0,0,0,0,0,1,F,0,0,0,0,0,0,0,0,1,0,0,0,0,0,9.589,8.224,3,121,C,NCTL,ND
2023-wimbledon-2602,Ons Jabeur,Aryna Sabalenka,00:19:52,1,5,36,0,0,2,2,40,30,2,1,2,17,19,0,0,0,0,0,0,0,0,0,0,0,0,0,0,0,1,0,0,0,0,0,32.303,14.923,3,112,C,NCTL,ND
2023-wimbledon-2602,Ons Jabeur,Aryna Sabalenka,00:20:30,1,5,37,0,0,2,2,40,40,2,1,2,17,20,0,0,0,1,0,1,0,0,0,0,0,0,0,0,0,0,0,0,0,0,0,1.444,0.905,1,113,W,CTL,
2023-wimbledon-2602,Ons Jabeur,Aryna Sabalenka,00:20:57,1,5,38,0,0,2,2,40,50,2,2,1,18,20,0,0,0,0,1,0,B,0,0,0,0,0,0,0,0,0,0,0,0,0,0,23.271,13.852,4,101,C,NCTL,D
2023-wimbledon-2602,Ons Jabeur,Aryna Sabalenka,00:21:52,1,5,39,0,0,2,2,40,40,2,1,2,18,21,0,0,0,0,0,1,F,0,0,0,0,0,1,0,1,0,0,0,0,0,0,11.851,9.18,3,118,C,CTL,ND
2023-wimbledon-2602,Ons Jabeur,Aryna Sabalenka,00:22:22,1,5,40,0,0,2,2,40,50,2,2,1,19,21,0,0,0,0,0,0,0,0,0,0,1,0,0,0,0,0,0,0,0,0,0,11.149,7.202,2,85,BW,NCTL,D
2023-wimbledon-2602,Ons Jabeur,Aryna Sabalenka,00:23:23,1,5,41,0,0,2,2,40,40,2,2,2,19,22,0,0,0,0,0,0,0,0,0,0,0,0,0,0,0,0,0,0,0,0,0,8.545,5.813,1,106,W,CTL,D
2023-wimbledon-2602,Ons Jabeur,Aryna Sabalenka,00:24:06,1,5,42,0,0,2,2,40,50,2,1,1,20,22,0,0,0,0,0,0,0,0,0,0,1,0,0,0,0,0,0,0,0,0,0,11.021,6.711,2,106,W,NCTL,ND
2023-wimbledon-2602,Ons Jabeur,Aryna Sabalenka,00:24:38,1,5,43,0,0,2,2,40,40,2,1,2,20,23,0,0,0,0,0,1,F,0,0,0,0,0,0,0,0,0,0,0,0,0,0,9.484,7.272,3,110,W,CTL,ND
2023-wimbledon-2602,Ons Jabeur,Aryna Sabalenka,00:25:06,1,5,44,0,0,2,2,40,50,2,2,2,20,24,2,0,0,0,0,1,B,0,0,0,0,0,1,0,1,0,0,0,0,0,0,15.626,11.75,3,86,W,CTL,ND
2023-wimbledon-2602,Ons Jabeur,Aryna Sabalenka,00:26:56,1,6,45,0,0,2,3,0,0,1,2,2,20,25,0,0,0,0,0,1,B,0,0,0,0,1,0,0,0,0,0,0,0,0,0,19.28,14.965,4,79,B,NCTL,ND
2023-wimbledon-2602,Ons Jabeur,Aryna Sabalenka,00:27:27,1,6,46,0,0,2,3,0,15,1,1,1,21,25,0,0,0,0,0,0,0,0,0,0,0,1,0,1,0,0,0,0,0,0,0,14.066,12.272,3,104,C,CTL,ND
2023-wimbledon-2602,Ons Jabeur,Aryna Sabalenka,00:27:53,1,6,47,0,0,2,3,15,15,1,1,1,22,25,0,0,0,0,0,0,0,0,0,0,0,0,0,0,0,0,0,0,0,0,0,7.789,11.252,1,91,W,CTL,D
2023-wimbledon-2602,Ons Jabeur,Aryna Sabalenka,00:28:25,1,6,48,0,0,2,3,30,15,1,1,1,23,25,0,0,0,0,1,0,B,0,0,0,0,0,0,0,0,0,0,0,0,0,0,21.897,30.057,7,96,BC,CTL,D
2023-wimbledon-2602,Ons Jabeur,Aryna Sabalenka,00:28:54,1,6,49,0,0,2,3,40,15,1,1,2,23,26,0,0,0,0,0,0,0,0,0,1,0,0,0,0,0,0,0,0,0,0,0,7.436,10.043,2,105,C,NCTL,D
2023-wimbledon-2602,Ons Jabeur,Aryna Sabalenka,00:29:12,1,6,50,0,0,2,3,40,30,1,1,1,24,26,1,0,0,0,0,0,0,0,0,0,0,0,0,0,0,0,0,0,0,0,0,11.973,12.994,3,104,C,NCTL,ND
2023-wimbledon-2602,Ons Jabeur,Aryna Sabalenka,00:29:50,1,7,51,0,0,3,3,0,0,2,1,2,24,27,0,0,0,0,0,0,0,0,0,0,0,0,0,0,0,0,0,0,0,0,0,5.39,3.897,1,107,W,CTL,ND
2023-wimbledon-2602,Ons Jabeur,Aryna Sabalenka,00:30:31,1,7,52,0,0,3,3,0,15,2,2,2,24,28,0,0,0,0,0,0,0,0,0,0,0,0,0,0,0,0,0,0,0,0,0,10.883,9.61,3,86,BW,NCTL,D
2023-wimbledon-2602,Ons Jabeur,Aryna Sabalenka,00:31:14,1,7,53,0,0,3,3,0,30,2,1,2,24,29,0,0,0,0,0,0,0,0,0,0,0,0,0,0,0,0,0,0,0,0,0,7.198,4.49,1,112,BC,NCTL,ND
2023-wimbledon-2602,Ons Jabeur,Aryna Sabalenka,00:31:34,1,7,54,0,0,3,3,0,40,2,1,2,24,30,2,0,0,0,0,1,F,0,0,0,0,0,0,0,0,0,0,0,0,0,0,14.968,8.102,3,117,BC,NCTL,ND
2023-wimbledon-2602,Ons Jabeur,Aryna Sabalenka,00:33:02,1,8,55,0,0,3,4,0,0,1,1,1,25,30,0,0,0,0,0,0,0,0,0,0,0,0,0,0,0,0,0,0,0,0,0,8.157,11.121,1,89,W,CTL,D
2023-wimbledon-2602,Ons Jabeur,Aryna Sabalenka,00:33:18,1,8,56,0,0,3,4,15,0,1,1,1,26,30,0,0,0,0,0,0,0,0,0,0,1,0,0,0,0,0,0,0,0,0,0,11.635,13.932,3,101,B,NCTL,D
2023-wimbledon-2602,Ons Jabeur,Aryna Sabalenka,00:33:36,1,8,57,0,0,3,4,30,0,1,1,1,27,30,0,0,0,0,1,0,B,0,0,0,0,0,0,0,0,0,0,0,0,0,0,22.765,35.482,7,92,W,NCTL,ND
2023-wimbledon-2602,Ons Jabeur,Aryna Sabalenka,00:34:03,1,8,58,0,0,3,4,40,0,1,2,2,27,31,0,0,0,0,0,0,0,0,0,0,0,0,1,0,1,0,0,0,0,0,0,29.592,29.591,8,83,BC,NCTL,ND
2023-wimbledon-2602,Ons Jabeur,Aryna Sabalenka,00:34:46,1,8,59,0,0,3,4,40,15,1,2,2,27,32,0,0,0,0,0,0,0,0,0,0,0,0,0,0,0,0,0,0,0,0,0,6.607,5.992,2,81,BC,NCTL,D
2023-wimbledon-2602,Ons Jabeur,Aryna Sabalenka,00:35:15,1,8,60,0,0,3,4,40,30,1,1,1,28,32,1,0,0,0,0,0,0,0,0,0,0,0,0,0,0,0,0,0,0,0,0,4.628,4.427,1,107,BC,NCTL,D
2023-wimbledon-2602,Ons Jabeur,Aryna Sabalenka,00:35:46,1,9,61,0,0,4,4,0,0,2,1,2,28,33,0,0,0,1,0,1,0,0,0,0,0,0,0,0,0,0,0,0,0,0,0,1.522,0.999,1,111,W,CTL,
2023-wimbledon-2602,Ons Jabeur,Aryna Sabalenka,00:36:09,1,9,62,0,0,4,4,0,15,2,1,2,28,34,0,0,0,0,0,0,0,0,0,0,0,0,0,0,0,0,0,0,0,0,0,24.22,19.696,5,112,C,CTL,D
2023-wimbledon-2602,Ons Jabeur,Aryna Sabalenka,00:36:39,1,9,63,0,0,4,4,0,30,2,2,1,29,34,0,0,0,0,0,0,0,0,1,0,1,0,0,0,0,0,0,0,0,0,0,7.242,4.178,0,0,C,CTL,ND
2023-wimbledon-2602,Ons Jabeur,Aryna Sabalenka,00:37:23,1,9,64,0,0,4,4,15,30,2,1,1,30,34,0,0,0,0,0,0,0,0,0,0,1,0,0,0,0,0,0,0,0,0,0,16.149,12.901,2,112,C,NCTL,D
2023-wimbledon-2602,Ons Jabeur,Aryna Sabalenka,00:37:54,1,9,65,0,0,4,4,30,30,2,1,2,30,35,0,0,0,1,0,1,0,0,0,0,0,0,0,0,0,0,0,0,0,0,0,2.062,1.092,1,109,W,CTL,
2023-wimbledon-2602,Ons Jabeur,Aryna Sabalenka,00:38:16,1,9,66,0,0,4,4,30,40,2,1,1,31,35,0,0,0,0,0,0,0,0,0,0,1,0,0,0,0,0,0,0,0,0,0,14.446,8.101,2,115,BW,NCTL,ND
2023-wimbledon-2602,Ons Jabeur,Aryna Sabalenka,00:38:46,1,9,67,0,0,4,4,40,40,2,1,2,31,36,0,0,0,1,0,1,0,0,0,0,0,0,0,0,0,0,0,0,0,0,0,2.235,1.378,1,121,C,NCTL,
2023-wimbledon-2602,Ons Jabeur,Aryna Sabalenka,00:39:15,1,9,68,0,0,4,4,40,50,2,2,1,32,36,0,0,0,0,0,0,0,0,1,0,1,0,0,0,0,0,0,0,0,0,0,7.824,4.193,0,0,BC,NCTL,
2023-wimbledon-2602,Ons Jabeur,Aryna Sabalenka,00:40:00,1,9,69,0,0,4,4,40,40,2,2,2,32,37,0,0,0,0,0,1,F,0,0,0,0,0,1,0,1,0,0,0,0,0,0,15.971,12.868,5,108,BW,NCTL,ND
2023-wimbledon-2602,Ons Jabeur,Aryna Sabalenka,00:40:49,1,9,70,0,0,4,4,40,50,2,1,2,32,38,2,0,0,0,0,0,0,0,0,0,0,0,0,0,0,0,0,0,0,0,0,12.08,8.624,3,105,C,NCTL,D
2023-wimbledon-2602,Ons Jabeur,Aryna Sabalenka,00:42:17,1,10,71,0,0,4,5,0,0,1,2,1,33,38,0,0,0,0,0,0,0,0,0,0,1,0,0,0,0,0,0,0,0,0,0,4.063,4.446,1,87,BW,NCTL,ND
2023-wimbledon-2602,Ons Jabeur,Aryna Sabalenka,00:42:57,1,10,72,0,0,4,5,15,0,1,1,1,34,38,0,0,0,0,0,0,0,0,0,0,0,0,0,0,0,0,0,0,0,0,0,12.72,12.18,3,99,BC,NCTL,D
2023-wimbledon-2602,Ons Jabeur,Aryna Sabalenka,00:43:16,1,10,73,0,0,4,5,30,0,1,1,1,35,38,0,0,0,0,0,0,0,0,0,0,0,0,0,0,0,0,0,0,0,0,0,1.898,2.833,1,89,W,CTL,
2023-wimbledon-2602,Ons Jabeur,Aryna Sabalenka,00:43:32,1,10,74,0,0,4,5,40,0,1,1,1,36,38,1,0,0,0,0,0,0,0,0,0,1,0,0,0,0,0,0,0,0,0,0,9.184,13.266,3,96,W,CTL,D
2023-wimbledon-2602,Ons Jabeur,Aryna Sabalenka,00:44:09,1,11,75,0,0,5,5,0,0,2,2,2,36,39,0,0,0,0,0,0,0,0,0,0,0,0,0,0,0,0,0,0,0,0,0,5.531,3.251,1,95,BC,NCTL,D
2023-wimbledon-2602,Ons Jabeur,Aryna Sabalenka,00:44:46,1,11,76,0,0,5,5,0,15,2,1,2,36,40,0,0,0,0,0,0,0,0,0,0,0,0,0,0,0,0,0,0,0,0,0,12.526,17.696,1,105,W,NCTL,ND
2023-wimbledon-2602,Ons Jabeur,Aryna Sabalenka,00:45:24,1,11,77,0,0,5,5,0,30,2,2,1,37,40,0,0,0,0,0,0,0,0,0,0,0,0,0,0,0,0,0,0,0,0,0,16.519,17.707,4,90,BW,NCTL,ND
2023-wimbledon-2602,Ons Jabeur,Aryna Sabalenka,00:46:12,1,11,78,0,0,5,5,15,30,2,1,2,37,41,0,0,0,1,0,1,0,0,0,0,0,0,0,0,0,0,0,0,0,0,0,0.537,0.757,1,109,C,NCTL,
2023-wimbledon-2602,Ons Jabeur,Aryna Sabalenka,00:46:34,1,11,79,0,0,5,5,15,40,2,2,2,37,42,2,0,0,0,0,0,0,0,0,0,0,0,0,0,0,0,0,0,0,0,0,8.683,5.805,1,96,BC,NCTL,ND
2023-wimbledon-2602,Ons Jabeur,Aryna Sabalenka,00:48:13,1,12,80,0,0,5,6,0,0,1,1,1,38,42,0,0,0,0,0,0,0,0,0,0,0,0,0,0,0,0,0,0,0,0,0,1.79,2.307,1,100,BC,CTL,
2023-wimbledon-2602,Ons Jabeur,Aryna Sabalenka,00:48:28,1,12,81,0,0,5,6,15,0,1,2,2,38,43,0,0,0,0,0,0,0,0,0,0,0,0,0,0,0,0,0,0,0,0,0,11.477,9.745,2,75,BW,NCTL,ND
2023-wimbledon-2602,Ons Jabeur,Aryna Sabalenka,00:48:55,1,12,82,0,0,5,6,15,15,1,1,1,39,43,0,0,0,0,1,0,B,0,0,0,0,0,0,0,0,0,0,0,0,0,0,13.038,21.561,5,87,W,CTL,ND
2023-wimbledon-2602,Ons Jabeur,Aryna Sabalenka,00:49:30,1,12,83,0,0,5,6,30,15,1,1,1,40,43,0,0,0,0,1,0,F,0,0,0,0,0,0,0,0,0,0,0,0,0,0,7.471,17.831,3,104,C,NCTL,D
2023-wimbledon-2602,Ons Jabeur,Aryna Sabalenka,00:49:49,1,12,84,0,0,5,6,40,15,1,2,1,41,43,1,0,0,0,0,0,0,0,0,0,1,0,0,0,0,0,0,0,0,0,0,3.357,4.259,1,81,BW,NCTL,D
2023-wimbledon-2602,Ons Jabeur,Aryna Sabalenka,00:50:33,1,13,85,0,0,6,6,0,0,2,1,2,41,44,0,0,0,0,0,0,0,0,0,0,0,0,0,0,0,0,0,0,0,0,0,9.408,4.436,1,111,W,CTL,ND
2023-wimbledon-2602,Ons Jabeur,Aryna Sabalenka,00:50:55,1,13,86,0,0,6,6,0,1,1,1,1,42,44,0,0,1,0,1,0,0,0,0,0,0,0,0,0,0,0,0,0,0,0,0,0.494,0.607,1,107,C,CTL,
2023-wimbledon-2602,Ons Jabeur,Aryna Sabalenka,00:51:13,1,13,87,0,0,6,6,1,1,1,2,1,43,44,0,0,0,0,0,0,0,0,0,0,1,0,0,0,0,0,0,0,0,0,0,5.969,5.813,1,78,B,NCTL,ND
2023-wimbledon-2602,Ons Jabeur,Aryna Sabalenka,00:51:51,1,13,88,0,0,6,6,2,1,2,2,2,43,45,0,0,0,0,0,1,F,0,0,0,0,0,0,0,0,0,0,0,0,0,0,24.598,21.696,7,90,B,NCTL,ND
2023-wimbledon-2602,Ons Jabeur,Aryna Sabalenka,00:52:43,1,13,89,0,0,6,6,2,2,2,2,1,44,45,0,0,0,0,0,0,0,0,1,0,1,0,0,0,0,0,0,0,0,0,0,6.179,6.619,0,0,W,CTL,D
2023-wimbledon-2602,Ons Jabeur,Aryna Sabalenka,00:53:21,1,13,90,0,0,6,6,3,2,1,2,1,45,45,0,0,0,0,1,0,F,0,0,0,0,0,0,0,0,0,0,0,0,0,0,22.744,19.706,7,81,B,NCTL,D
2023-wimbledon-2602,Ons Jabeur,Aryna Sabalenka,00:54:31,1,13,91,0,0,6,6,4,2,1,2,2,45,46,0,0,0,0,0,0,0,0,0,0,0,0,0,0,0,0,0,0,0,0,0,9.152,10.29,2,73,BC,NCTL,ND
2023-wimbledon-2602,Ons Jabeur,Aryna Sabalenka,00:55:17,1,13,92,0,0,6,6,4,3,2,1,2,45,47,0,0,0,1,0,1,0,0,0,0,0,0,0,0,0,0,0,0,0,0,0,1.168,1.443,1,117,C,CTL,
2023-wimbledon-2602,Ons Jabeur,Aryna Sabalenka,00:55:50,1,13,93,0,0,6,6,4,4,2,1,2,45,48,0,0,0,0,0,0,0,0,0,0,0,0,0,0,0,0,0,0,0,0,0,40.874,40.331,7,120,BC,NCTL,D
2023-wimbledon-2602,Ons Jabeur,Aryna Sabalenka,00:56:44,1,13,94,0,0,6,6,4,5,1,2,2,45,49,0,0,0,0,0,0,0,0,0,1,0,0,0,0,0,0,0,0,0,0,0,6.45,9.398,2,77,B,NCTL,ND
2023-wimbledon-2602,Ons Jabeur,Aryna Sabalenka,00:57:14,1,13,95,0,0,6,6,4,6,1,1,1,46,49,0,0,0,0,1,0,F,0,0,0,0,0,0,0,0,0,0,0,0,0,0,7.555,10.651,3,98,W,CTL,ND
2023-wimbledon-2602,Ons Jabeur,Aryna Sabalenka,00:57:49,1,13,96,0,0,6,6,5,6,2,1,2,46,50,2,2,0,0,0,0,0,0,0,0,0,0,0,0,0,0,0,0,0,0,0,9.616,7.103,1,112,BC,NCTL,D
2023-wimbledon-2602,Ons Jabeur,Aryna Sabalenka,00:59:56,2,1,97,0,0,6,7,0,0,1,1,2,46,51,0,0,0,0,0,0,0,0,0,1,0,0,0,0,0,0,0,0,0,0,0,3.861,5.826,2,93,W,CTL,ND
2023-wimbledon-2602,Ons Jabeur,Aryna Sabalenka,01:00:12,2,1,98,0,1,0,0,0,15,1,2,1,47,51,0,0,0,0,0,0,0,0,0,0,1,0,0,0,0,0,0,0,0,0,0,7.191,5.808,1,85,BC,CTL,D
2023-wimbledon-2602,Ons Jabeur,Aryna Sabalenka,01:00:40,2,1,99,0,1,0,0,15,15,1,2,1,48,51,0,0,0,0,1,0,F,0,0,0,0,0,0,0,0,0,0,0,0,0,0,12.688,29.357,5,89,BW,NCTL,D
2023-wimbledon-2602,Ons Jabeur,Aryna Sabalenka,01:01:19,2,1,100,0,1,0,0,30,15,1,1,1,49,51,0,0,0,0,1,0,B,0,0,0,0,1,0,1,0,0,0,0,0,0,0,12.902,23.223,3,100,C,NCTL,ND
2023-wimbledon-2602,Ons Jabeur,Aryna Sabalenka,01:01:40,2,1,101,0,1,0,0,40,15,1,2,2,49,52,0,0,0,0,0,0,0,1,0,1,0,0,0,0,0,0,0,0,0,0,0,2.825,3.258,0,0,BC,CTL,ND
2023-wimbledon-2602,Ons Jabeur,Aryna Sabalenka,01:02:06,2,1,102,0,1,0,0,40,30,1,1,1,50,52,1,0,0,0,0,0,0,0,0,0,0,0,0,0,0,0,0,0,0,0,0,10.617,11.977,1,106,BW,NCTL,D
2023-wimbledon-2602,Ons Jabeur,Aryna Sabalenka,01:02:56,2,2,103,0,1,1,0,0,0,2,1,2,50,53,0,0,0,0,0,1,F,0,0,0,0,0,0,0,0,0,0,0,0,0,0,13.069,7.462,3,106,W,CTL,ND
2023-wimbledon-2602,Ons Jabeur,Aryna Sabalenka,01:03:19,2,2,104,0,1,1,0,0,15,2,1,2,50,54,0,0,0,0,0,0,0,0,0,0,0,0,0,0,0,0,0,0,0,0,0,25.02,13.334,3,103,W,CTL,ND
2023-wimbledon-2602,Ons Jabeur,Aryna Sabalenka,01:03:47,2,2,105,0,1,1,0,0,30,2,1,1,51,54,0,0,0,0,1,0,F,0,0,0,0,0,0,0,0,0,0,0,0,0,0,4.85,3.54,2,101,W,NCTL,ND
2023-wimbledon-2602,Ons Jabeur,Aryna Sabalenka,01:04:14,2,2,106,0,1,1,0,15,30,2,2,2,51,55,0,0,0,0,0,1,B,0,0,0,0,0,0,0,0,0,0,0,0,0,0,12.434,7.798,3,84,BW,NCTL,ND
2023-wimbledon-2602,Ons Jabeur,Aryna Sabalenka,01:04:52,2,2,107,0,1,1,0,15,40,2,1,2,51,56,2,0,0,0,0,0,0,0,0,0,0,0,0,0,0,0,0,0,0,0,0,6.205,3.064,1,108,W,CTL,D
2023-wimbledon-2602,Ons Jabeur,Aryna Sabalenka,01:05:18,2,3,108,0,1,1,1,0,0,1,2,1,52,56,0,0,0,0,0,0,0,0,0,0,1,0,0,0,0,0,0,0,0,0,0,11.09,14.541,3,84,BW,NCTL,D
2023-wimbledon-2602,Ons Jabeur,Aryna Sabalenka,01:06:03,2,3,109,0,1,1,1,15,0,1,1,1,53,56,0,0,0,0,0,0,0,0,0,0,1,0,0,0,0,0,0,0,0,0,0,7.434,8.315,3,106,BC,CTL,D
2023-wimbledon-2602,Ons Jabeur,Aryna Sabalenka,01:06:20,2,3,110,0,1,1,1,30,0,1,1,1,54,56,0,0,0,0,0,0,0,0,0,0,0,0,0,0,0,0,0,0,0,0,0,3.736,5.74,1,96,C,NCTL,ND
2023-wimbledon-2602,Ons Jabeur,Aryna Sabalenka,01:06:34,2,3,111,0,1,1,1,40,0,1,1,1,55,56,1,0,1,0,1,0,0,0,0,0,0,0,0,0,0,0,0,0,0,0,0,1.309,1.143,1,97,W,CTL,
2023-wimbledon-2602,Ons Jabeur,Aryna Sabalenka,01:07:56,2,4,112,0,1,2,1,0,0,2,2,2,55,57,0,0,0,0,0,0,0,0,0,0,0,0,0,0,0,0,0,0,0,0,0,6.561,7.288,1,99,W,CTL,D
2023-wimbledon-2602,Ons Jabeur,Aryna Sabalenka,01:08:34,2,4,113,0,1,2,1,0,15,2,2,2,55,58,0,0,0,0,0,0,0,0,0,1,0,0,0,0,0,0,0,0,0,0,0,25.649,16.27,5,79,B,NCTL,ND
2023-wimbledon-2602,Ons Jabeur,Aryna Sabalenka,01:09:20,2,4,114,0,1,2,1,0,30,2,2,1,56,58,0,0,0,0,0,0,0,0,0,0,0,0,0,0,0,0,0,0,0,0,0,6.444,7.677,2,85,BC,NCTL,ND
2023-wimbledon-2602,Ons Jabeur,Aryna Sabalenka,01:10:03,2,4,115,0,1,2,1,15,30,2,2,1,57,58,0,0,0,0,0,0,0,0,0,0,1,0,0,0,0,0,0,0,0,0,0,8.187,7.511,2,99,C,CTL,ND
2023-wimbledon-2602,Ons Jabeur,Aryna Sabalenka,01:10:47,2,4,116,0,1,2,1,30,30,2,1,2,57,59,0,0,0,0,0,0,0,0,0,0,0,0,0,0,0,0,0,0,0,0,0,41.12,15.843,5,108,W,CTL,D
2023-wimbledon-2602,Ons Jabeur,Aryna Sabalenka,01:11:48,2,4,117,0,1,2,1,30,40,2,1,2,57,60,2,0,0,0,0,1,F,0,0,0,0,0,0,0,0,0,0,0,0,0,0,38.473,20.455,5,102,W,CTL,D
2023-wimbledon-2602,Ons Jabeur,Aryna Sabalenka,01:12:21,2,5,118,0,1,2,2,0,0,1,1,2,57,61,0,0,0,0,0,1,F,0,0,0,0,0,1,0,1,0,0,0,0,0,0,40.121,55.067,10,92,W,CTL,D
2023-wimbledon-2602,Ons Jabeur,Aryna Sabalenka,01:13:00,2,5,119,0,1,2,2,0,15,1,1,2,57,62,0,0,0,0,0,0,0,0,0,1,0,0,0,0,0,0,0,0,0,0,0,9.013,16.123,4,95,BW,NCTL,ND
2023-wimbledon-2602,Ons Jabeur,Aryna Sabalenka,01:13:24,2,5,120,0,1,2,2,0,30,1,1,2,57,63,0,0,0,0,0,0,0,0,0,0,0,0,0,0,0,0,0,0,0,0,0,4.442,5.54,2,99,C,NCTL,D
2023-wimbledon-2602,Ons Jabeur,Aryna Sabalenka,01:13:47,2,5,121,0,1,2,2,0,40,1,2,2,57,64,2,0,0,0,0,0,0,1,0,1,0,0,0,0,0,0,1,0,1,0,0,0.772,0.904,0,0,B,CTL,
2023-wimbledon-2602,Ons Jabeur,Aryna Sabalenka,01:15:26,2,6,122,0,1,2,3,0,0,2,1,2,57,65,0,0,0,0,0,1,F,0,0,0,0,0,1,0,1,0,0,0,0,0,0,10.013,12.093,3,109,W,NCTL,ND
2023-wimbledon-2602,Ons Jabeur,Aryna Sabalenka,01:15:52,2,6,123,0,1,2,3,0,15,2,2,2,57,66,0,0,0,0,0,0,0,0,0,0,0,0,0,0,0,0,0,0,0,0,0,26.617,11.335,3,82,BW,NCTL,ND
2023-wimbledon-2602,Ons Jabeur,Aryna Sabalenka,01:16:57,2,6,124,0,1,2,3,0,30,2,1,2,57,67,0,0,0,1,0,1,0,0,0,0,0,0,0,0,0,0,0,0,0,0,0,1.311,1.213,1,118,C,NCTL,
2023-wimbledon-2602,Ons Jabeur,Aryna Sabalenka,01:17:20,2,6,125,0,1,2,3,0,40,2,2,2,57,68,2,0,0,0,0,0,0,0,0,0,0,0,0,0,0,0,0,0,0,0,0,5.102,4.107,1,84,BW,NCTL,D
2023-wimbledon-2602,Ons Jabeur,Aryna Sabalenka,01:18:06,2,7,126,0,1,2,4,0,0,1,2,1,58,68,0,0,0,0,0,0,0,0,0,0,1,0,0,0,0,0,0,0,0,0,0,4.003,2.725,1,81,BC,NCTL,ND
2023-wimbledon-2602,Ons Jabeur,Aryna Sabalenka,01:18:30,2,7,127,0,1,2,4,15,0,1,2,1,59,68,0,0,0,0,0,0,0,0,0,0,0,0,0,0,0,0,0,0,0,0,0,41.077,47.374,11,75,W,CTL,D
2023-wimbledon-2602,Ons Jabeur,Aryna Sabalenka,01:19:15,2,7,128,0,1,2,4,30,0,1,1,2,59,69,0,0,0,0,0,0,0,0,0,0,0,0,1,0,1,0,0,0,0,0,0,15.592,21.812,4,104,BC,NCTL,ND
2023-wimbledon-2602,Ons Jabeur,Aryna Sabalenka,01:19:40,2,7,129,0,1,2,4,30,15,1,1,1,60,69,0,0,0,0,0,0,0,0,0,0,0,0,0,0,0,0,0,0,0,0,0,3.888,6.402,1,92,W,CTL,D
2023-wimbledon-2602,Ons Jabeur,Aryna Sabalenka,01:19:57,2,7,130,0,1,2,4,40,15,1,1,1,61,69,1,0,0,0,0,0,0,0,0,0,0,0,0,0,0,0,0,0,0,0,0,3.547,4.135,1,97,BW,NCTL,D
2023-wimbledon-2602,Ons Jabeur,Aryna Sabalenka,01:21:43,2,8,131,0,1,3,4,0,0,2,1,2,61,70,0,0,0,1,0,1,0,0,0,0,0,0,0,0,0,0,0,0,0,0,0,0.89,0.839,1,113,W,CTL,
2023-wimbledon-2602,Ons Jabeur,Aryna Sabalenka,01:22:06,2,8,132,0,1,3,4,0,15,2,1,1,62,70,0,0,0,0,0,0,0,0,0,0,0,0,0,0,0,0,0,0,0,0,0,11.118,7.158,2,116,C,NCTL,D
2023-wimbledon-2602,Ons Jabeur,Aryna Sabalenka,01:22:56,2,8,133,0,1,3,4,15,15,2,2,2,62,71,0,0,0,0,0,0,0,0,0,1,0,0,0,0,0,0,0,0,0,0,0,23.341,19.157,7,100,W,CTL,D
2023-wimbledon-2602,Ons Jabeur,Aryna Sabalenka,01:23:48,2,8,134,0,1,3,4,15,30,2,2,1,63,71,0,0,0,0,0,0,0,0,0,0,0,0,0,0,0,0,0,0,0,0,0,10.766,10.516,2,83,B,NCTL,ND
2023-wimbledon-2602,Ons Jabeur,Aryna Sabalenka,01:24:34,2,8,135,0,1,3,4,30,30,2,1,2,63,72,0,0,0,0,0,1,B,0,0,0,0,0,0,0,0,0,0,0,0,0,0,79.988,39.715,11,111,BW,NCTL,ND
2023-wimbledon-2602,Ons Jabeur,Aryna Sabalenka,01:25:27,2,8,136,0,1,3,4,30,40,2,2,1,64,72,0,0,0,0,1,0,B,0,0,0,0,1,0,1,0,0,0,0,0,0,0,35.902,17.167,4,106,C,NCTL,D
2023-wimbledon-2602,Ons Jabeur,Aryna Sabalenka,01:26:39,2,8,137,0,1,3,4,40,40,2,1,2,64,73,0,0,0,0,0,0,0,0,0,0,0,0,0,0,0,0,0,0,0,0,0,82.771,60.545,13,113,W,CTL,ND
2023-wimbledon-2602,Ons Jabeur,Aryna Sabalenka,01:27:38,2,8,138,0,1,3,4,40,50,2,1,1,65,73,0,0,0,0,0,0,0,0,0,0,1,0,0,0,0,0,0,0,0,0,0,10.961,6.528,2,105,C,NCTL,ND
2023-wimbledon-2602,Ons Jabeur,Aryna Sabalenka,01:28:14,2,8,139,0,1,3,4,40,40,2,2,1,66,73,0,0,0,0,0,0,0,0,1,0,1,0,0,0,0,0,0,0,0,0,0,6.423,3.672,0,0,W,CTL,D
2023-wimbledon-2602,Ons Jabeur,Aryna Sabalenka,01:29:05,2,8,140,0,1,3,4,50,40,2,2,1,67,73,1,0,0,0,0,0,0,0,0,0,0,0,0,0,0,1,0,1,0,0,0,31.223,22.526,6,84,B,NCTL,ND
2023-wimbledon-2602,Ons Jabeur,Aryna Sabalenka,01:30:08,2,9,141,0,1,4,4,0,0,1,1,2,67,74,0,0,0,0,0,0,0,0,0,0,0,0,0,0,0,0,0,0,0,0,0,5.12,8.7,2,92,W,CTL,D
2023-wimbledon-2602,Ons Jabeur,Aryna Sabalenka,01:30:24,2,9,142,0,1,4,4,0,15,1,1,2,67,75,0,0,0,0,0,1,B,0,0,0,0,0,0,0,0,0,0,0,0,0,0,21.946,19.638,6,103,BW,NCTL,ND
2023-wimbledon-2602,Ons Jabeur,Aryna Sabalenka,01:30:52,2,9,143,0,1,4,4,0,30,1,2,1,68,75,0,0,0,0,1,0,F,0,0,0,0,0,0,0,0,0,0,0,0,0,0,12.212,20.018,5,75,BC,NCTL,ND
2023-wimbledon-2602,Ons Jabeur,Aryna Sabalenka,01:31:29,2,9,144,0,1,4,4,15,30,1,1,1,69,75,0,0,0,0,0,0,0,0,0,0,0,0,0,0,0,0,0,0,0,0,0,2.306,6.522,1,107,C,NCTL,D
2023-wimbledon-2602,Ons Jabeur,Aryna Sabalenka,01:31:58,2,9,145,0,1,4,4,30,30,1,1,2,69,76,0,0,0,0,0,0,0,0,0,0,0,0,0,0,0,0,0,0,0,0,0,18.578,25.757,6,101,C,NCTL,ND
2023-wimbledon-2602,Ons Jabeur,Aryna Sabalenka,01:32:35,2,9,146,0,1,4,4,30,40,1,1,1,70,76,0,0,0,0,0,0,0,0,0,0,0,0,0,0,0,0,1,0,0,0,0,21.769,18.45,5,105,W,CTL,ND
2023-wimbledon-2602,Ons Jabeur,Aryna Sabalenka,01:33:05,2,9,147,0,1,4,4,40,40,1,1,1,71,76,0,0,0,0,0,0,0,0,0,0,0,0,0,0,0,0,0,0,0,0,0,15.505,24.077,5,96,BW,NCTL,ND
2023-wimbledon-2602,Ons Jabeur,Aryna Sabalenka,01:33:34,2,9,148,0,1,4,4,50,40,1,2,1,72,76,1,0,0,0,0,0,0,0,0,0,1,0,0,0,0,0,0,0,0,0,0,3.88,3.93,1,77,BW,NCTL,D
2023-wimbledon-2602,Ons Jabeur,Aryna Sabalenka,01:35:19,2,10,149,0,1,5,4,0,0,2,1,2,72,77,0,0,0,0,0,0,0,0,0,0,0,0,1,0,1,0,0,0,0,0,0,37.62,16.847,3,106,W,CTL,ND
2023-wimbledon-2602,Ons Jabeur,Aryna Sabalenka,01:35:48,2,10,150,0,1,5,4,0,15,2,1,1,73,77,0,0,0,0,1,0,B,0,0,0,0,0,0,0,0,0,0,0,0,0,0,13.056,13.493,4,110,C,CTL,D
2023-wimbledon-2602,Ons Jabeur,Aryna Sabalenka,01:36:19,2,10,151,0,1,5,4,15,15,2,2,2,73,78,0,0,0,0,0,1,F,0,0,0,0,0,0,0,0,0,0,0,0,0,0,8.614,6.216,3,99,W,CTL,ND
2023-wimbledon-2602,Ons Jabeur,Aryna Sabalenka,01:37:01,2,10,152,0,1,5,4,15,30,2,1,1,74,78,0,0,0,0,0,0,0,0,0,0,1,0,0,0,0,0,0,0,0,0,0,17.657,7.424,2,114,BW,NCTL,ND
2023-wimbledon-2602,Ons Jabeur,Aryna Sabalenka,01:37:31,2,10,153,0,1,5,4,30,30,2,1,1,75,78,0,0,0,0,0,0,0,0,0,0,1,0,1,0,0,0,0,0,0,0,0,15.055,8.135,2,112,C,CTL,ND
2023-wimbledon-2602,Ons Jabeur,Aryna Sabalenka,01:38:07,2,10,154,0,1,5,4,40,30,2,2,1,76,78,1,1,0,0,1,0,B,0,0,0,0,0,0,0,0,1,0,1,0,0,0,6.257,4.927,2,89,BW,NCTL,D
2023-wimbledon-2602,Ons Jabeur,Aryna Sabalenka,01:42:18,3,1,155,0,1,6,4,0,0,1,1,2,76,79,0,0,0,0,0,0,0,0,0,0,0,0,0,0,0,0,0,0,0,0,0,14.978,17.754,4,89,B,NCTL,D
2023-wimbledon-2602,Ons Jabeur,Aryna Sabalenka,01:42:37,3,1,156,1,1,0,0,0,15,1,2,1,77,79,0,0,0,0,0,0,0,0,0,0,1,0,0,0,0,0,0,0,0,0,0,11.005,10.165,3,71,B,NCTL,D
2023-wimbledon-2602,Ons Jabeur,Aryna Sabalenka,01:43:07,3,1,157,1,1,0,0,15,15,1,1,1,78,79,0,0,0,0,0,0,0,0,0,0,0,0,0,0,0,0,0,0,0,0,0,5.821,6.864,1,105,C,NCTL,ND
2023-wimbledon-2602,Ons Jabeur,Aryna Sabalenka,01:43:24,3,1,158,1,1,0,0,30,15,1,1,1,79,79,0,0,0,0,0,0,0,0,0,0,0,0,0,0,0,0,0,0,0,0,0,3.136,2.512,1,101,B,NCTL,ND
2023-wimbledon-2602,Ons Jabeur,Aryna Sabalenka,01:43:39,3,1,159,1,1,0,0,40,15,1,2,1,80,79,1,0,0,0,0,0,0,0,0,0,1,0,0,0,0,0,0,0,0,0,0,3.474,3.391,1,76,C,NCTL,ND
2023-wimbledon-2602,Ons Jabeur,Aryna Sabalenka,01:44:43,3,2,160,1,1,1,0,0,0,2,1,2,80,80,0,0,0,0,0,0,0,0,0,0,0,0,0,0,0,0,0,0,0,0,0,8.072,5.245,1,106,BW,CTL,ND
2023-wimbledon-2602,Ons Jabeur,Aryna Sabalenka,01:45:02,3,2,161,1,1,1,0,0,15,2,1,2,80,81,0,0,0,0,0,0,0,0,0,1,0,0,0,0,0,0,0,0,0,0,0,30.261,17.49,5,105,BW,CTL,D
2023-wimbledon-2602,Ons Jabeur,Aryna Sabalenka,01:45:30,3,2,162,1,1,1,0,0,30,2,1,2,80,82,0,0,0,0,0,0,0,0,0,0,0,0,1,0,1,0,0,0,0,0,0,28.17,13.385,3,107,W,CTL,ND
2023-wimbledon-2602,Ons Jabeur,Aryna Sabalenka,01:46:24,3,2,163,1,1,1,0,0,40,2,1,2,80,83,2,0,0,1,0,1,0,0,0,0,0,0,0,0,0,0,0,0,0,0,0,1.07,0.942,1,115,W,CTL,
2023-wimbledon-2602,Ons Jabeur,Aryna Sabalenka,01:47:07,3,3,164,1,1,1,1,0,0,1,1,1,81,83,0,0,0,0,0,0,0,0,0,0,0,0,0,0,0,0,0,0,0,0,0,4.987,5.858,1,93,W,CTL,D
2023-wimbledon-2602,Ons Jabeur,Aryna Sabalenka,01:47:23,3,3,165,1,1,1,1,15,0,1,2,1,82,83,0,0,0,0,0,0,0,0,0,0,1,0,0,0,0,0,0,0,0,0,0,5.365,6.66,1,75,B,NCTL,ND
2023-wimbledon-2602,Ons Jabeur,Aryna Sabalenka,01:47:48,3,3,166,1,1,1,1,30,0,1,1,1,83,83,0,0,0,0,0,0,0,0,0,0,0,0,0,0,0,0,0,0,0,0,0,3.855,6.133,1,101,BC,NCTL,ND
2023-wimbledon-2602,Ons Jabeur,Aryna Sabalenka,01:48:03,3,3,167,1,1,1,1,40,0,1,1,1,84,83,1,0,0,0,0,0,0,0,0,0,0,0,0,0,0,0,0,0,0,0,0,4.687,6.71,1,105,C,CTL,ND
2023-wimbledon-2602,Ons Jabeur,Aryna Sabalenka,01:49:32,3,4,168,1,1,2,1,0,0,2,1,2,84,84,0,0,0,0,0,0,0,0,0,1,0,0,0,0,0,0,0,0,0,0,0,15.862,16.709,3,108,W,CTL,D
2023-wimbledon-2602,Ons Jabeur,Aryna Sabalenka,01:50:02,3,4,169,1,1,2,1,0,15,2,2,1,85,84,0,0,0,0,0,0,0,0,0,0,1,0,0,0,0,0,0,0,0,0,0,10.561,6.368,2,98,C,NCTL,ND
2023-wimbledon-2602,Ons Jabeur,Aryna Sabalenka,01:50:47,3,4,170,1,1,2,1,15,15,2,1,2,85,85,0,0,0,0,0,1,0,0,0,0,0,0,0,0,0,0,0,0,0,0,0,2.167,0.893,1,114,C,NCTL,
2023-wimbledon-2602,Ons Jabeur,Aryna Sabalenka,01:51:13,3,4,171,1,1,2,1,15,30,2,2,1,86,85,0,0,0,0,0,0,0,0,0,0,0,0,0,0,0,0,0,0,0,0,0,12.519,13.038,2,83,B,NCTL,ND
2023-wimbledon-2602,Ons Jabeur,Aryna Sabalenka,01:52:00,3,4,172,1,1,2,1,30,30,2,2,2,86,86,0,0,0,0,0,0,0,0,0,0,0,0,0,0,0,0,0,0,0,0,0,9.395,10.159,1,100,W,NCTL,ND
2023-wimbledon-2602,Ons Jabeur,Aryna Sabalenka,01:52:42,3,4,173,1,1,2,1,30,40,2,1,2,86,87,2,0,0,0,0,0,0,0,0,0,0,0,0,0,0,0,0,0,0,0,0,11.603,10.796,3,107,B,NCTL,ND
2023-wimbledon-2602,Ons Jabeur,Aryna Sabalenka,01:53:11,3,5,174,1,1,2,2,0,0,1,1,1,87,87,0,0,0,0,0,0,0,0,0,0,0,1,0,1,0,0,0,0,0,0,0,17.46,21.988,5,93,W,NCTL,ND
2023-wimbledon-2602,Ons Jabeur,Aryna Sabalenka,01:53:39,3,5,175,1,1,2,2,15,0,1,1,1,88,87,0,0,0,0,1,0,F,0,0,0,0,0,0,0,0,0,0,0,0,0,0,5.001,7.885,3,102,C,CTL,ND
2023-wimbledon-2602,Ons Jabeur,Aryna Sabalenka,01:54:01,3,5,176,1,1,2,2,30,0,1,1,1,89,87,0,0,0,0,0,0,0,0,0,0,0,0,0,0,0,0,0,0,0,0,0,3.516,6.243,1,100,B,NCTL,ND
2023-wimbledon-2602,Ons Jabeur,Aryna Sabalenka,01:54:18,3,5,177,1,1,2,2,40,0,1,2,2,89,88,0,0,0,0,0,1,B,0,0,0,0,0,0,0,0,0,0,0,0,0,0,11.541,10.431,4,81,C,NCTL,ND
2023-wimbledon-2602,Ons Jabeur,Aryna Sabalenka,01:54:52,3,5,178,1,1,2,2,40,15,1,2,2,89,89,0,0,0,0,0,1,F,0,0,0,0,0,0,0,0,0,0,0,0,0,0,12.42,10.89,4,83,C,NCTL,D
2023-wimbledon-2602,Ons Jabeur,Aryna Sabalenka,01:55:28,3,5,179,1,1,2,2,40,30,1,1,1,90,89,1,0,0,0,1,0,0,0,0,0,0,0,0,0,0,0,0,0,0,0,0,3.975,6.62,1,105,C,CTL,D
2023-wimbledon-2602,Ons Jabeur,Aryna Sabalenka,01:57:03,3,6,180,1,1,3,2,0,0,2,2,1,91,89,0,0,0,0,0,0,0,0,0,0,0,0,0,0,0,0,0,0,0,0,0,18.517,6.736,2,98,W,CTL,D
2023-wimbledon-2602,Ons Jabeur,Aryna Sabalenka,01:57:42,3,6,181,1,1,3,2,15,0,2,1,1,92,89,0,0,0,0,0,0,0,0,0,0,1,0,0,0,0,0,0,0,0,0,0,19.217,5.63,2,105,BW,NCTL,ND
2023-wimbledon-2602,Ons Jabeur,Aryna Sabalenka,01:58:10,3,6,182,1,1,3,2,30,0,2,1,2,92,90,0,0,0,0,0,0,0,0,0,0,0,0,0,0,0,0,0,0,0,0,0,35.332,22.829,7,104,BW,NCTL,D
2023-wimbledon-2602,Ons Jabeur,Aryna Sabalenka,01:58:51,3,6,183,1,1,3,2,30,15,2,1,2,92,91,0,0,0,0,0,1,F,0,0,0,0,0,0,0,0,0,0,0,0,0,0,12.243,9.385,3,111,C,CTL,ND
2023-wimbledon-2602,Ons Jabeur,Aryna Sabalenka,01:59:20,3,6,184,1,1,3,2,30,30,2,1,2,92,92,0,0,0,0,0,1,F,0,0,0,0,0,0,0,0,0,0,0,0,0,0,16.047,5.352,3,110,W,CTL,ND
2023-wimbledon-2602,Ons Jabeur,Aryna Sabalenka,01:59:49,3,6,185,1,1,3,2,30,40,2,1,1,93,92,0,0,0,0,0,0,0,0,0,0,1,0,0,0,0,0,0,0,0,0,0,25.942,24.551,6,113,C,NCTL,ND
2023-wimbledon-2602,Ons Jabeur,Aryna Sabalenka,02:00:26,3,6,186,1,1,3,2,40,40,2,2,1,94,92,0,0,0,0,0,0,0,0,0,0,0,0,0,0,0,0,0,0,0,0,0,21.547,9.1,2,108,W,NCTL,ND
2023-wimbledon-2602,Ons Jabeur,Aryna Sabalenka,02:01:15,3,6,187,1,1,3,2,50,40,2,2,2,94,93,0,0,0,0,0,1,F,0,0,0,0,0,1,0,1,1,0,0,0,0,0,75.916,32.88,9,106,C,CTL,ND
2023-wimbledon-2602,Ons Jabeur,Aryna Sabalenka,02:02:20,3,6,188,1,1,3,2,40,40,2,1,1,95,93,0,0,0,0,0,0,0,0,0,0,1,0,1,0,0,0,0,0,0,0,0,18.937,11.383,2,111,W,CTL,ND
2023-wimbledon-2602,Ons Jabeur,Aryna Sabalenka,02:03:01,3,6,189,1,1,3,2,50,40,2,1,2,95,94,0,0,0,0,0,1,F,0,0,0,0,0,0,0,0,1,0,0,0,0,0,13.604,5.21,3,117,C,CTL,ND
2023-wimbledon-2602,Ons Jabeur,Aryna Sabalenka,02:03:37,3,6,190,1,1,3,2,40,40,2,1,2,95,95,0,0,0,0,0,0,0,0,0,0,0,0,0,0,0,0,0,0,0,0,0,20.806,11.572,3,113,BC,NCTL,ND
2023-wimbledon-2602,Ons Jabeur,Aryna Sabalenka,02:04:10,3,6,191,1,1,3,2,40,50,2,2,1,96,95,0,0,0,0,0,0,0,0,0,0,0,0,0,0,0,0,0,0,0,0,0,20.504,16.28,4,83,BW,NCTL,ND
2023-wimbledon-2602,Ons Jabeur,Aryna Sabalenka,02:05:16,3,6,192,1,1,3,2,40,40,2,1,1,97,95,0,0,0,0,0,0,0,0,0,0,1,0,0,0,0,0,0,0,0,0,0,9.529,5.566,2,108,W,CTL,ND
2023-wimbledon-2602,Ons Jabeur,Aryna Sabalenka,02:05:48,3,6,193,1,1,3,2,50,40,2,1,1,98,95,1,0,0,0,0,0,0,0,0,0,1,0,0,0,0,1,0,1,0,0,0,38.129,34.37,10,114,W,NCTL,ND
2023-wimbledon-2602,Ons Jabeur,Aryna Sabalenka,02:06:40,3,7,194,1,1,4,2,0,0,1,1,1,99,95,0,0,0,0,1,0,F,0,0,0,0,0,0,0,0,0,0,0,0,0,0,6.047,12.987,3,91,W,NCTL,ND
2023-wimbledon-2602,Ons Jabeur,Aryna Sabalenka,02:06:59,3,7,195,1,1,4,2,15,0,1,2,1,100,95,0,0,0,0,0,0,0,0,0,0,1,0,0,0,0,0,0,0,0,0,0,4.359,4.248,1,82,B,NCTL,D
2023-wimbledon-2602,Ons Jabeur,Aryna Sabalenka,02:07:26,3,7,196,1,1,4,2,30,0,1,2,1,101,95,0,0,0,0,0,0,0,0,0,0,1,0,0,0,0,0,0,0,0,0,0,13.341,11.788,3,83,B,NCTL,ND
2023-wimbledon-2602,Ons Jabeur,Aryna Sabalenka,02:08:08,3,7,197,1,1,4,2,40,0,1,1,2,101,96,0,0,0,0,0,1,F,0,0,0,0,0,0,0,0,0,0,0,0,0,0,17.109,22.268,2,96,C,NCTL,D
2023-wimbledon-2602,Ons Jabeur,Aryna Sabalenka,02:08:44,3,7,198,1,1,4,2,40,15,1,2,1,102,96,1,0,0,0,1,0,B,0,0,0,0,0,0,0,0,0,0,0,0,0,0,16.008,18.142,5,78,BC,NCTL,ND
2023-wimbledon-2602,Ons Jabeur,Aryna Sabalenka,02:10:26,3,8,199,1,1,5,2,0,0,2,1,1,103,96,0,0,0,0,0,0,0,0,0,0,1,0,0,0,0,0,0,0,0,0,0,27.806,26.945,8,104,BC,CTL,ND
2023-wimbledon-2602,Ons Jabeur,Aryna Sabalenka,02:11:03,3,8,200,1,1,5,2,15,0,2,1,2,103,97,0,0,0,0,0,0,0,0,0,0,0,0,0,0,0,0,0,0,0,0,0,4.875,5.603,1,103,W,CTL,D
2023-wimbledon-2602,Ons Jabeur,Aryna Sabalenka,02:11:27,3,8,201,1,1,5,2,15,15,2,2,1,104,97,0,0,0,0,1,0,B,0,0,0,0,0,0,0,0,0,0,0,0,0,0,7.021,5.322,2,88,BC,NCTL,ND
2023-wimbledon-2602,Ons Jabeur,Aryna Sabalenka,02:12:12,3,8,202,1,1,5,2,30,15,2,1,2,104,98,0,0,0,0,0,0,0,0,0,0,0,0,0,0,0,0,0,0,0,0,0,21.693,12.419,3,95,W,CTL,ND
2023-wimbledon-2602,Ons Jabeur,Aryna Sabalenka,02:12:41,3,8,203,1,1,5,2,30,30,2,1,1,105,98,0,0,0,0,1,0,F,0,0,0,0,0,0,0,0,0,0,0,0,0,0,8.403,4.267,2,101,W,CTL,D
2023-wimbledon-2602,Ons Jabeur,Aryna Sabalenka,02:13:23,3,8,204,1,1,5,2,40,30,2,1,2,105,99,0,0,0,1,0,1,0,0,0,0,0,0,0,0,0,1,0,0,0,0,0,1.071,0.943,1,102,W,CTL,
2023-wimbledon-2602,Ons Jabeur,Aryna Sabalenka,02:13:49,3,8,205,1,1,5,2,40,40,2,2,1,106,99,0,0,0,0,0,0,0,0,1,0,1,0,0,0,0,0,0,0,0,0,0,23.778,12.572,0,0,W,CTL,ND
2023-wimbledon-2602,Ons Jabeur,Aryna Sabalenka,02:14:41,3,8,206,1,1,5,2,50,40,2,1,2,106,100,0,0,0,0,0,0,0,0,0,0,0,0,0,0,0,1,0,0,0,0,0,31.839,13.637,1,104,W,CTL,D
2023-wimbledon-2602,Ons Jabeur,Aryna Sabalenka,02:15:05,3,8,207,1,1,5,2,40,40,2,1,2,106,101,0,0,0,0,0,0,0,0,0,0,0,0,0,0,0,0,0,0,0,0,0,10.802,5.122,1,103,BC,NCTL,ND
2023-wimbledon-2602,Ons Jabeur,Aryna Sabalenka,02:15:31,3,8,208,1,1,5,2,40,50,2,2,2,106,102,2,0,0,0,0,1,B,0,0,0,0,0,0,0,0,0,0,0,0,0,0,8.73,7.712,3,84,B,NCTL,ND
2023-wimbledon-2602,Ons Jabeur,Aryna Sabalenka,02:16:20,3,9,209,1,1,5,3,0,0,1,2,1,107,102,0,0,0,0,0,0,0,0,0,0,1,0,0,0,0,0,0,0,0,0,0,15.066,15.489,5,77,BC,NCTL,ND
2023-wimbledon-2602,Ons Jabeur,Aryna Sabalenka,02:16:51,3,9,210,1,1,5,3,15,0,1,2,1,108,102,0,0,0,0,0,0,0,0,0,0,0,0,0,0,0,0,0,0,0,0,0,11.54,12.988,3,79,B,NCTL,D
2023-wimbledon-2602,Ons Jabeur,Aryna Sabalenka,02:17:25,3,9,211,1,1,5,3,30,0,1,2,1,109,102,0,0,0,0,0,0,0,0,0,0,0,0,1,0,0,0,0,0,0,0,0,16.607,17.315,5,78,BC,NCTL,D
2023-wimbledon-2602,Ons Jabeur,Aryna Sabalenka,02:18:04,3,9,212,1,1,5,3,40,0,1,1,2,109,103,0,0,0,0,0,1,F,0,0,0,0,0,0,0,0,0,0,0,0,0,0,22.937,20.802,6,108,BC,NCTL,D
2023-wimbledon-2602,Ons Jabeur,Aryna Sabalenka,02:18:37,3,9,213,1,1,5,3,40,15,1,1,2,109,104,0,0,0,0,0,0,0,0,0,1,0,0,0,0,0,0,0,0,0,0,0,19.986,23.637,6,92,W,NCTL,ND
2023-wimbledon-2602,Ons Jabeur,Aryna Sabalenka,02:19:11,3,9,214,1,1,5,3,40,30,1,1,1,110,104,1,1,1,0,1,0,0,0,0,0,0,0,0,0,0,0,0,0,0,0,0,0.627,0.929,1,103,W,CTL,
2023-wimbledon-2701,Marketa Vondrousova,Ons Jabeur,00:00:00,1,1,1,0,0,0,0,0,0,2,1,1,1,0,0,0,0,0,1,0,B,0,0,0,0,0,1,0,0,0,0,0,0,0,0,25.368,21.744,6,95,BW,CTL,ND
2023-wimbledon-2701,Marketa Vondrousova,Ons Jabeur,00:00:22,1,1,2,0,0,0,0,15,0,2,2,2,1,1,0,0,0,0,0,0,0,0,0,0,0,0,0,0,0,0,0,0,0,0,0,16.527,17.99,5,76,BC,NCTL,D
2023-wimbledon-2701,Marketa Vondrousova,Ons Jabeur,00:01:36,1,1,3,0,0,0,0,15,15,2,2,1,2,1,0,0,0,0,0,0,0,0,0,0,0,0,0,0,0,0,0,0,0,0,0,17.51,14.845,4,73,B,NCTL,ND
2023-wimbledon-2701,Marketa Vondrousova,Ons Jabeur,00:02:05,1,1,4,0,0,0,0,30,15,2,1,2,2,2,0,0,0,0,0,1,B,0,0,0,0,0,1,0,1,0,0,0,0,0,0,41.268,37.207,9,108,C,CTL,D
2023-wimbledon-2701,Marketa Vondrousova,Ons Jabeur,00:03:24,1,1,5,0,0,0,0,30,30,2,2,2,2,3,0,0,0,0,0,0,0,0,0,1,0,0,0,0,0,0,0,0,0,0,0,6.628,5.56,1,77,W,NCTL,ND
2023-wimbledon-2701,Marketa Vondrousova,Ons Jabeur,00:03:50,1,1,6,0,0,0,0,30,40,2,1,2,2,4,2,0,0,0,0,0,0,0,0,0,0,0,0,0,0,0,0,0,0,0,0,7.882,5.864,1,108,C,CTL,ND
2023-wimbledon-2701,Marketa Vondrousova,Ons Jabeur,00:04:29,1,2,7,0,0,0,1,0,0,1,1,1,3,4,0,0,0,0,0,0,0,0,0,0,0,1,0,1,0,0,0,0,0,0,0,13.85,12.916,3,92,C,NCTL,ND
2023-wimbledon-2701,Marketa Vondrousova,Ons Jabeur,00:04:50,1,2,8,0,0,0,1,15,0,1,1,2,3,5,0,0,0,0,0,0,0,0,0,0,0,0,0,0,0,0,0,0,0,0,0,25.07,23.153,6,92,W,CTL,D
2023-wimbledon-2701,Marketa Vondrousova,Ons Jabeur,00:05:17,1,2,9,0,0,0,1,15,15,1,1,2,3,6,0,0,0,0,0,1,F,0,0,0,0,0,0,0,0,0,0,0,0,0,0,33.337,34.706,6,104,BC,NCTL,D
2023-wimbledon-2701,Marketa Vondrousova,Ons Jabeur,00:05:51,1,2,10,0,0,0,1,15,30,1,1,2,3,7,0,0,0,0,0,0,0,0,0,0,0,0,1,0,1,0,0,0,0,0,0,16.987,22.393,4,95,C,NCTL,D
2023-wimbledon-2701,Marketa Vondrousova,Ons Jabeur,00:06:16,1,2,11,0,0,0,1,15,40,1,1,1,4,7,0,0,0,0,0,0,0,0,0,0,0,0,0,0,0,0,1,0,0,0,0,4.486,8.324,1,109,W,CTL,ND
2023-wimbledon-2701,Marketa Vondrousova,Ons Jabeur,00:06:35,1,2,12,0,0,0,1,30,40,1,1,2,4,8,2,0,0,0,0,0,0,0,0,1,0,0,0,0,0,0,1,0,1,0,0,28.77,60.995,8,93,W,CTL,ND
2023-wimbledon-2701,Marketa Vondrousova,Ons Jabeur,00:07:15,1,3,13,0,0,0,2,0,0,2,1,2,4,9,0,0,0,0,0,1,B,0,0,0,0,0,0,0,0,0,0,0,0,0,0,23.117,14.295,5,95,BW,NCTL,D
2023-wimbledon-2701,Marketa Vondrousova,Ons Jabeur,00:07:37,1,3,14,0,0,0,2,0,15,2,2,1,5,9,0,0,0,0,0,0,0,0,0,0,1,0,0,0,0,0,0,0,0,0,0,8.833,6.507,2,76,C,NCTL,ND
2023-wimbledon-2701,Marketa Vondrousova,Ons Jabeur,00:08:05,1,3,15,0,0,0,2,15,15,2,2,2,5,10,0,0,0,0,0,0,0,0,0,0,0,0,0,0,0,0,0,0,0,0,0,3.925,3.115,1,82,BC,NCTL,ND
2023-wimbledon-2701,Marketa Vondrousova,Ons Jabeur,00:08:32,1,3,16,0,0,0,2,15,30,2,2,2,5,11,0,0,0,0,0,0,0,0,0,1,0,0,0,0,0,0,0,0,0,0,0,7.922,8.628,3,78,BW,NCTL,ND
2023-wimbledon-2701,Marketa Vondrousova,Ons Jabeur,00:09:02,1,3,17,0,0,0,2,15,40,2,2,1,6,11,0,0,0,0,0,0,0,0,0,0,0,0,0,0,0,0,0,0,0,0,0,18.37,15.645,4,78,BC,NCTL,ND
2023-wimbledon-2701,Marketa Vondrousova,Ons Jabeur,00:09:36,1,3,18,0,0,0,2,30,40,2,2,1,7,11,0,0,0,0,0,0,0,0,0,0,0,0,0,0,0,0,0,0,0,0,0,13.155,12.642,2,75,BW,NCTL,D
2023-wimbledon-2701,Marketa Vondrousova,Ons Jabeur,00:10:06,1,3,19,0,0,0,2,40,40,2,2,1,8,11,0,0,0,0,0,0,0,0,0,0,0,0,0,0,0,0,0,0,0,0,0,21.693,26.148,6,80,BW,NCTL,ND
2023-wimbledon-2701,Marketa Vondrousova,Ons Jabeur,00:10:42,1,3,20,0,0,0,2,50,40,2,2,2,8,12,0,0,0,0,0,1,F,0,0,0,0,0,1,0,1,1,0,0,0,0,0,40.648,29.821,9,80,C,NCTL,ND
2023-wimbledon-2701,Marketa Vondrousova,Ons Jabeur,00:11:27,1,3,21,0,0,0,2,40,40,2,1,2,8,13,0,0,0,0,0,1,F,0,0,0,0,0,0,0,0,0,0,0,0,0,0,18.062,13.535,5,109,C,NCTL,ND
2023-wimbledon-2701,Marketa Vondrousova,Ons Jabeur,00:11:53,1,3,22,0,0,0,2,40,50,2,1,1,9,13,0,0,0,0,0,0,0,0,0,0,1,0,0,0,0,0,0,0,0,0,0,9.671,7.114,2,101,W,CTL,ND
2023-wimbledon-2701,Marketa Vondrousova,Ons Jabeur,00:12:12,1,3,23,0,0,0,2,40,40,2,2,1,10,13,0,0,0,0,0,0,0,0,0,0,1,0,0,0,0,0,0,0,0,0,0,16.403,13.899,4,77,B,NCTL,ND
2023-wimbledon-2701,Marketa Vondrousova,Ons Jabeur,00:12:59,1,3,24,0,0,0,2,50,40,2,2,1,11,13,1,0,0,0,0,0,0,0,0,0,1,0,0,0,0,1,0,1,0,0,0,18.107,14.909,4,80,C,NCTL,ND
2023-wimbledon-2701,Marketa Vondrousova,Ons Jabeur,00:14:43,1,4,25,0,0,1,2,0,0,1,1,2,11,14,0,0,0,0,0,0,0,0,0,1,0,0,0,0,0,0,0,0,0,0,0,12.092,15.055,2,91,C,NCTL,D
2023-wimbledon-2701,Marketa Vondrousova,Ons Jabeur,00:15:00,1,4,26,0,0,1,2,0,15,1,1,1,12,14,0,0,0,0,0,0,0,0,0,0,1,0,0,0,0,0,0,0,0,0,0,21.088,33.733,5,98,C,NCTL,ND
2023-wimbledon-2701,Marketa Vondrousova,Ons Jabeur,00:15:25,1,4,27,0,0,1,2,15,15,1,2,1,13,14,0,0,0,0,0,0,0,0,0,0,1,0,0,0,0,0,0,0,0,0,0,28.781,27.769,7,75,BC,NCTL,D
2023-wimbledon-2701,Marketa Vondrousova,Ons Jabeur,00:16:06,1,4,28,0,0,1,2,30,15,1,2,2,13,15,0,0,0,0,0,1,B,0,0,0,0,0,0,0,0,0,0,0,0,0,0,70.185,106.755,20,93,C,NCTL,D
2023-wimbledon-2701,Marketa Vondrousova,Ons Jabeur,00:17:09,1,4,29,0,0,1,2,30,30,1,1,2,13,16,0,0,0,0,0,0,0,0,0,0,0,0,0,0,0,0,0,0,0,0,0,52.919,44.8,12,111,W,CTL,D
2023-wimbledon-2701,Marketa Vondrousova,Ons Jabeur,00:17:51,1,4,30,0,0,1,2,30,40,1,2,1,14,16,0,0,0,0,0,0,0,0,0,0,0,0,1,0,0,0,1,0,0,0,0,50.061,49.797,13,84,BW,NCTL,D
2023-wimbledon-2701,Marketa Vondrousova,Ons Jabeur,00:18:48,1,4,31,0,0,1,2,40,40,1,1,2,14,17,0,0,0,0,0,0,0,0,0,0,0,0,1,0,1,0,0,0,0,0,0,43.118,24.811,6,108,C,NCTL,D
2023-wimbledon-2701,Marketa Vondrousova,Ons Jabeur,00:19:19,1,4,32,0,0,1,2,40,50,1,2,1,15,17,0,0,0,0,0,0,0,0,0,0,0,1,0,1,0,0,1,0,0,0,0,12.882,10.497,3,88,C,NCTL,ND
2023-wimbledon-2701,Marketa Vondrousova,Ons Jabeur,00:19:57,1,4,33,0,0,1,2,40,40,1,1,2,15,18,0,0,0,0,0,1,B,0,0,0,0,0,0,0,0,0,0,0,0,0,0,58.849,86.224,16,104,B,NCTL,D
2023-wimbledon-2701,Marketa Vondrousova,Ons Jabeur,00:20:52,1,4,34,0,0,1,2,40,50,1,1,1,16,18,0,0,0,0,0,0,0,0,0,0,0,0,0,0,0,0,1,0,0,0,0,6.524,11.571,1,109,C,NCTL,ND
2023-wimbledon-2701,Marketa Vondrousova,Ons Jabeur,00:21:14,1,4,35,0,0,1,2,40,40,1,1,2,16,19,0,0,0,0,0,0,0,0,0,0,0,0,0,0,0,0,0,0,0,0,0,37.097,60.468,10,106,C,NCTL,D
2023-wimbledon-2701,Marketa Vondrousova,Ons Jabeur,00:21:49,1,4,36,0,0,1,2,40,50,1,1,1,17,19,0,0,0,0,0,0,0,0,0,0,0,0,0,0,0,0,1,0,0,0,0,3.533,5.767,1,95,W,CTL,D
2023-wimbledon-2701,Marketa Vondrousova,Ons Jabeur,00:22:12,1,4,37,0,0,1,2,40,40,1,1,1,18,19,0,0,0,0,1,0,B,0,0,0,0,1,0,1,0,0,0,0,0,0,0,26.328,49.427,7,112,BW,NCTL,D
2023-wimbledon-2701,Marketa Vondrousova,Ons Jabeur,00:22:47,1,4,38,0,0,1,2,50,40,1,1,1,19,19,1,0,0,0,0,0,0,0,0,0,1,0,0,0,0,0,0,0,0,0,0,24.744,19.043,7,98,B,NCTL,ND
2023-wimbledon-2701,Marketa Vondrousova,Ons Jabeur,00:23:25,1,5,39,0,0,2,2,0,0,2,1,2,19,20,0,0,0,0,0,1,F,0,0,0,0,0,0,0,0,0,0,0,0,0,0,11.526,7.982,3,86,W,CTL,D
2023-wimbledon-2701,Marketa Vondrousova,Ons Jabeur,00:23:44,1,5,40,0,0,2,2,0,15,2,2,2,19,21,0,0,0,0,0,0,0,0,0,0,0,1,0,0,0,0,0,0,0,0,0,40.179,36.982,9,81,B,NCTL,ND
2023-wimbledon-2701,Marketa Vondrousova,Ons Jabeur,00:24:30,1,5,41,0,0,2,2,0,30,2,1,2,19,22,0,0,0,1,0,1,0,0,0,0,0,0,0,0,0,0,0,0,0,0,0,1.266,0.656,1,106,C,NCTL,
2023-wimbledon-2701,Marketa Vondrousova,Ons Jabeur,00:24:58,1,5,42,0,0,2,2,0,40,2,1,1,20,22,0,0,0,0,1,0,F,0,0,0,0,1,0,1,0,0,0,0,0,0,0,26.328,25.321,6,103,B,NCTL,D
2023-wimbledon-2701,Marketa Vondrousova,Ons Jabeur,00:25:26,1,5,43,0,0,2,2,15,40,2,2,2,20,23,2,0,0,0,0,1,F,0,0,0,0,0,0,0,0,0,0,0,0,0,0,19.95,14.543,5,87,C,CTL,ND
2023-wimbledon-2701,Marketa Vondrousova,Ons Jabeur,00:27:09,1,6,44,0,0,2,3,0,0,1,2,2,20,24,0,0,0,0,0,0,0,0,0,0,0,0,0,0,0,0,0,0,0,0,0,15.453,12.871,4,83,BC,NCTL,ND
2023-wimbledon-2701,Marketa Vondrousova,Ons Jabeur,00:27:58,1,6,45,0,0,2,3,0,15,1,1,2,20,25,0,0,0,0,0,0,0,0,0,1,0,1,0,0,0,0,0,0,0,0,0,17.143,16.82,4,110,B,NCTL,ND
2023-wimbledon-2701,Marketa Vondrousova,Ons Jabeur,00:28:22,1,6,46,0,0,2,3,0,30,1,1,2,20,26,0,0,0,0,0,0,0,0,0,1,0,1,0,0,0,0,0,0,0,0,0,7.952,9.239,2,105,BW,NCTL,ND
2023-wimbledon-2701,Marketa Vondrousova,Ons Jabeur,00:28:40,1,6,47,0,0,2,3,0,40,1,1,2,20,27,2,0,0,0,0,0,0,0,0,0,0,0,0,0,0,0,1,0,1,0,0,24.522,36.059,6,93,C,NCTL,D
2023-wimbledon-2701,Marketa Vondrousova,Ons Jabeur,00:29:12,1,7,48,0,0,2,4,0,0,2,2,1,21,27,0,0,0,0,0,0,0,0,0,0,0,0,0,0,0,0,0,0,0,0,0,23.801,20.747,6,78,BC,NCTL,ND
2023-wimbledon-2701,Marketa Vondrousova,Ons Jabeur,00:29:45,1,7,49,0,0,2,4,15,0,2,1,1,22,27,0,0,0,0,0,0,0,0,0,0,1,0,0,0,0,0,0,0,0,0,0,8.067,5.492,2,102,BC,NCTL,ND
2023-wimbledon-2701,Marketa Vondrousova,Ons Jabeur,00:30:03,1,7,50,0,0,2,4,30,0,2,2,1,23,27,0,0,0,0,1,0,B,0,0,0,0,0,0,0,0,0,0,0,0,0,0,5.451,6.791,2,78,B,NCTL,D
2023-wimbledon-2701,Marketa Vondrousova,Ons Jabeur,00:30:31,1,7,51,0,0,2,4,40,0,2,1,1,24,27,1,0,0,0,1,0,F,0,0,0,0,1,0,1,0,1,0,1,0,0,0,24.172,20.7,6,102,C,NCTL,ND
2023-wimbledon-2701,Marketa Vondrousova,Ons Jabeur,00:32:08,1,8,52,0,0,3,4,0,0,1,2,2,24,28,0,0,0,0,0,0,0,0,0,0,0,0,0,0,0,0,0,0,0,0,0,7.999,9.72,2,83,BC,NCTL,ND
2023-wimbledon-2701,Marketa Vondrousova,Ons Jabeur,00:32:53,1,8,53,0,0,3,4,0,15,1,2,1,25,28,0,0,0,0,0,0,0,0,0,0,1,0,0,0,0,0,0,0,0,0,0,4.244,3.307,1,81,BC,NCTL,ND
2023-wimbledon-2701,Marketa Vondrousova,Ons Jabeur,00:33:23,1,8,54,0,0,3,4,15,15,1,2,1,26,28,0,0,0,0,0,0,0,0,0,0,0,1,0,1,0,0,0,0,0,0,0,24.995,46.788,7,96,C,CTL,ND
2023-wimbledon-2701,Marketa Vondrousova,Ons Jabeur,00:34:19,1,8,55,0,0,3,4,30,15,1,1,1,27,28,0,0,0,0,0,0,0,0,0,0,0,0,0,0,0,0,0,0,0,0,0,4.839,9.032,1,98,BW,NCTL,D
2023-wimbledon-2701,Marketa Vondrousova,Ons Jabeur,00:34:38,1,8,56,0,0,3,4,40,15,1,1,1,28,28,1,0,0,0,0,0,0,0,0,0,0,0,0,0,0,0,0,0,0,0,0,5.899,7.398,1,112,W,NCTL,ND
2023-wimbledon-2701,Marketa Vondrousova,Ons Jabeur,00:35:03,1,9,57,0,0,4,4,0,0,2,2,1,29,28,0,0,0,0,0,0,0,0,0,0,1,0,0,0,0,0,0,0,0,0,0,14.938,12.376,4,76,BC,NCTL,ND
2023-wimbledon-2701,Marketa Vondrousova,Ons Jabeur,00:35:40,1,9,58,0,0,4,4,15,0,2,2,2,29,29,0,0,0,0,0,1,B,0,0,0,0,0,0,0,0,0,0,0,0,0,0,26.601,23.132,7,76,BC,NCTL,ND
2023-wimbledon-2701,Marketa Vondrousova,Ons Jabeur,00:36:23,1,9,59,0,0,4,4,15,15,2,1,1,30,29,0,0,0,0,0,0,0,0,0,0,1,0,0,0,0,0,0,0,0,0,0,19.874,16.274,4,91,W,CTL,D
2023-wimbledon-2701,Marketa Vondrousova,Ons Jabeur,00:36:44,1,9,60,0,0,4,4,30,15,2,1,1,31,29,0,0,0,0,0,0,0,0,0,0,1,0,1,0,0,0,0,0,0,0,0,24.674,23.414,6,106,C,NCTL,ND
2023-wimbledon-2701,Marketa Vondrousova,Ons Jabeur,00:37:15,1,9,61,0,0,4,4,40,15,2,1,1,32,29,1,0,0,0,0,0,0,0,0,0,1,0,0,0,0,1,0,1,0,0,0,22.988,14.377,4,92,W,CTL,ND
2023-wimbledon-2701,Marketa Vondrousova,Ons Jabeur,00:38:50,1,10,62,0,0,5,4,0,0,1,1,1,33,29,0,0,0,0,0,0,0,0,0,0,1,0,0,0,0,0,0,0,0,0,0,15.914,28.172,5,93,C,NCTL,ND
2023-wimbledon-2701,Marketa Vondrousova,Ons Jabeur,00:39:14,1,10,63,0,0,5,4,15,0,1,2,1,34,29,0,0,0,0,0,0,0,0,0,0,0,0,0,0,0,0,0,0,0,0,0,3.409,8.126,1,97,C,NCTL,ND
2023-wimbledon-2701,Marketa Vondrousova,Ons Jabeur,00:39:44,1,10,64,0,0,5,4,30,0,1,2,1,35,29,0,0,0,0,0,0,0,0,0,0,1,0,0,0,0,0,0,0,0,0,0,7.163,9.551,1,77,C,NCTL,D
2023-wimbledon-2701,Marketa Vondrousova,Ons Jabeur,00:40:12,1,10,65,0,0,5,4,40,0,1,1,1,36,29,1,1,0,0,0,0,0,0,0,0,0,0,0,0,0,0,0,0,0,0,0,4.467,9.971,1,106,BW,NCTL,ND
2023-wimbledon-2701,Marketa Vondrousova,Ons Jabeur,00:43:59,2,1,66,0,0,6,4,0,0,2,1,1,37,29,0,0,0,0,0,0,0,0,0,0,1,0,1,0,0,0,0,0,0,0,0,18.256,19.169,4,90,BW,NCTL,ND
2023-wimbledon-2701,Marketa Vondrousova,Ons Jabeur,00:44:19,2,1,67,1,0,0,0,15,0,2,1,1,38,29,0,0,0,0,0,0,0,0,0,0,1,0,0,0,0,0,0,0,0,0,0,16.56,13.373,4,105,BC,NCTL,ND
2023-wimbledon-2701,Marketa Vondrousova,Ons Jabeur,00:44:46,2,1,68,1,0,0,0,30,0,2,2,2,38,30,0,0,0,0,0,1,B,0,0,0,0,0,1,0,1,0,0,0,0,0,0,23.718,27.491,7,77,BC,NCTL,ND
2023-wimbledon-2701,Marketa Vondrousova,Ons Jabeur,00:45:24,2,1,69,1,0,0,0,30,15,2,1,2,38,31,0,0,0,0,0,0,0,0,0,0,0,0,0,0,0,0,0,0,0,0,0,4.163,4.962,1,104,BC,CTL,D
2023-wimbledon-2701,Marketa Vondrousova,Ons Jabeur,00:45:41,2,1,70,1,0,0,0,30,30,2,2,1,39,31,0,0,0,0,0,0,0,0,0,0,1,0,0,0,0,0,0,0,0,0,0,23.191,21.246,6,74,B,NCTL,ND
2023-wimbledon-2701,Marketa Vondrousova,Ons Jabeur,00:46:23,2,1,71,1,0,0,0,40,30,2,1,1,40,31,1,0,0,0,0,0,0,0,0,0,1,0,0,0,0,1,0,1,0,0,0,15.046,10.778,2,103,C,NCTL,ND
2023-wimbledon-2701,Marketa Vondrousova,Ons Jabeur,00:47:14,2,2,72,1,0,1,0,0,0,1,2,1,41,31,0,0,0,0,0,0,0,0,0,0,1,0,0,0,0,0,0,0,0,0,0,3.57,3.146,1,81,BC,NCTL,ND
2023-wimbledon-2701,Marketa Vondrousova,Ons Jabeur,00:47:41,2,2,73,1,0,1,0,15,0,1,1,1,42,31,0,0,0,0,1,0,F,0,0,0,0,0,0,0,0,0,0,0,0,0,0,6.983,11.154,3,96,W,CTL,ND
2023-wimbledon-2701,Marketa Vondrousova,Ons Jabeur,00:48:03,2,2,74,1,0,1,0,30,0,1,1,1,43,31,0,0,0,0,0,0,0,0,0,0,0,0,0,0,0,0,0,0,0,0,0,4.331,7.99,1,110,C,NCTL,ND
2023-wimbledon-2701,Marketa Vondrousova,Ons Jabeur,00:48:22,2,2,75,1,0,1,0,40,0,1,2,2,43,32,0,0,0,0,0,0,0,0,0,0,0,0,0,0,0,0,0,0,0,0,0,6.952,13.03,2,87,BW,NCTL,ND
2023-wimbledon-2701,Marketa Vondrousova,Ons Jabeur,00:48:52,2,2,76,1,0,1,0,40,15,1,2,2,43,33,0,0,0,0,0,1,B,0,0,0,0,1,0,0,0,0,0,0,0,0,0,18.624,38.705,6,94,C,NCTL,ND
2023-wimbledon-2701,Marketa Vondrousova,Ons Jabeur,00:49:37,2,2,77,1,0,1,0,40,30,1,1,2,43,34,0,0,0,0,0,1,F,0,0,0,0,0,0,0,0,0,0,0,0,0,0,14.848,16.769,4,106,C,NCTL,D
2023-wimbledon-2701,Marketa Vondrousova,Ons Jabeur,00:49:59,2,2,78,1,0,1,0,40,40,1,2,2,43,35,0,0,0,0,0,0,0,1,0,1,0,0,0,0,0,0,0,0,0,0,0,2.561,4.772,0,0,BC,CTL,
2023-wimbledon-2701,Marketa Vondrousova,Ons Jabeur,00:50:32,2,2,79,1,0,1,0,40,50,1,1,1,44,35,0,0,0,0,0,0,0,0,0,0,0,0,0,0,0,0,1,0,0,0,0,4.3,4.636,1,95,W,NCTL,ND
2023-wimbledon-2701,Marketa Vondrousova,Ons Jabeur,00:50:52,2,2,80,1,0,1,0,40,40,1,2,2,44,36,0,0,0,0,0,1,F,0,0,0,0,0,1,0,1,0,0,0,0,0,0,31.918,44.313,8,81,BC,NCTL,D
2023-wimbledon-2701,Marketa Vondrousova,Ons Jabeur,00:51:33,2,2,81,1,0,1,0,40,50,1,1,2,44,37,2,0,0,0,0,0,0,0,0,0,0,0,1,0,1,0,1,0,1,0,0,57.146,60.988,10,96,W,NCTL,ND
2023-wimbledon-2701,Marketa Vondrousova,Ons Jabeur,00:52:19,2,3,82,1,0,1,1,0,0,2,1,2,44,38,0,0,0,0,0,0,0,0,0,0,0,0,0,0,0,0,0,0,0,0,0,51.161,31.35,9,88,W,NCTL,ND
2023-wimbledon-2701,Marketa Vondrousova,Ons Jabeur,00:52:53,2,3,83,1,0,1,1,0,15,2,2,2,44,39,0,0,0,0,0,1,F,0,0,0,0,0,0,0,0,0,0,0,0,0,0,26.747,17.621,7,79,B,NCTL,ND
2023-wimbledon-2701,Marketa Vondrousova,Ons Jabeur,00:53:44,2,3,84,1,0,1,1,0,30,2,2,2,44,40,0,0,0,0,0,0,0,0,0,0,0,0,0,0,0,0,0,0,0,0,0,24.456,18.393,5,83,BW,NCTL,ND
2023-wimbledon-2701,Marketa Vondrousova,Ons Jabeur,00:54:19,2,3,85,1,0,1,1,0,40,2,1,2,44,41,2,0,0,0,0,1,F,0,0,0,0,0,0,0,0,0,0,0,0,0,0,9.098,6.792,3,105,BW,NCTL,ND
2023-wimbledon-2701,Marketa Vondrousova,Ons Jabeur,00:56:03,2,4,86,1,0,1,2,0,0,1,1,1,45,41,0,0,0,0,0,0,0,0,0,0,0,0,0,0,0,0,0,0,0,0,0,17.592,22.517,3,107,BC,CTL,ND
2023-wimbledon-2701,Marketa Vondrousova,Ons Jabeur,00:56:35,2,4,87,1,0,1,2,15,0,1,2,2,45,42,0,0,0,0,0,1,B,0,0,0,0,0,1,0,1,0,0,0,0,0,0,14.374,41.375,4,94,C,NCTL,D
2023-wimbledon-2701,Marketa Vondrousova,Ons Jabeur,00:57:09,2,4,88,1,0,1,2,15,15,1,1,2,45,43,0,0,0,0,0,0,0,0,0,0,0,0,0,0,0,0,0,0,0,0,0,41.641,83.236,10,101,BC,NCTL,ND
2023-wimbledon-2701,Marketa Vondrousova,Ons Jabeur,00:57:44,2,4,89,1,0,1,2,15,30,1,2,1,46,43,0,0,0,0,1,0,B,0,0,0,0,1,0,1,0,0,0,0,0,0,0,27.023,36.491,7,81,BC,NCTL,ND
2023-wimbledon-2701,Marketa Vondrousova,Ons Jabeur,00:58:27,2,4,90,1,0,1,2,30,30,1,2,2,46,44,0,0,0,0,0,0,0,0,0,0,0,0,0,0,0,0,0,0,0,0,0,9.405,10.48,2,83,BC,NCTL,D
2023-wimbledon-2701,Marketa Vondrousova,Ons Jabeur,00:59:00,2,4,91,1,0,1,2,30,40,1,1,2,46,45,2,0,0,0,0,0,0,0,0,1,0,0,0,0,0,0,1,0,1,0,0,14.031,24.205,4,110,C,NCTL,D
2023-wimbledon-2701,Marketa Vondrousova,Ons Jabeur,00:59:44,2,5,92,1,0,1,3,0,0,2,1,1,47,45,0,0,0,0,0,0,0,0,0,0,1,0,0,0,0,0,0,0,0,0,0,17.191,16.583,4,100,C,NCTL,D
2023-wimbledon-2701,Marketa Vondrousova,Ons Jabeur,01:00:04,2,5,93,1,0,1,3,15,0,2,2,1,48,45,0,0,0,0,0,0,0,0,0,0,0,0,0,0,0,0,0,0,0,0,0,4.31,5.323,2,79,BC,NCTL,D
2023-wimbledon-2701,Marketa Vondrousova,Ons Jabeur,01:00:37,2,5,94,1,0,1,3,30,0,2,1,2,48,46,0,0,0,0,0,1,B,0,0,0,0,0,0,0,0,0,0,0,0,0,0,34.056,22.607,7,89,W,CTL,D
2023-wimbledon-2701,Marketa Vondrousova,Ons Jabeur,01:01:04,2,5,95,1,0,1,3,30,15,2,2,2,48,47,0,0,0,0,0,0,0,0,0,1,0,0,0,0,0,0,0,0,0,0,0,10.565,12.834,3,77,BW,NCTL,D
2023-wimbledon-2701,Marketa Vondrousova,Ons Jabeur,01:01:36,2,5,96,1,0,1,3,30,30,2,2,1,49,47,0,0,0,0,0,0,0,0,0,0,0,0,0,0,0,0,0,0,0,0,0,15.355,18.183,6,81,BC,NCTL,D
2023-wimbledon-2701,Marketa Vondrousova,Ons Jabeur,01:02:11,2,5,97,1,0,1,3,40,30,2,1,1,50,47,1,0,0,0,0,0,0,0,0,0,0,0,0,0,0,1,0,1,0,0,0,56.564,50.167,12,104,C,NCTL,D
2023-wimbledon-2701,Marketa Vondrousova,Ons Jabeur,01:04:12,2,6,98,1,0,2,3,0,0,1,1,1,51,47,0,0,0,0,0,0,0,0,0,0,1,0,0,0,0,0,0,0,0,0,0,10.131,11.651,3,97,BC,NCTL,ND
2023-wimbledon-2701,Marketa Vondrousova,Ons Jabeur,01:04:33,2,6,99,1,0,2,3,15,0,1,1,1,52,47,0,0,0,0,0,0,0,0,0,0,1,0,0,0,0,0,0,0,0,0,0,39.246,67.749,11,94,BW,NCTL,ND
2023-wimbledon-2701,Marketa Vondrousova,Ons Jabeur,01:05:08,2,6,100,1,0,2,3,30,0,1,2,2,52,48,0,0,0,0,0,0,0,1,0,1,0,0,0,0,0,0,0,0,0,0,0,2.92,3.942,0,0,C,CTL,
2023-wimbledon-2701,Marketa Vondrousova,Ons Jabeur,01:05:37,2,6,101,1,0,2,3,30,15,1,2,2,52,49,0,0,0,0,0,1,F,0,0,0,0,0,1,0,1,0,0,0,0,0,0,34.251,47.516,10,84,BC,NCTL,D
2023-wimbledon-2701,Marketa Vondrousova,Ons Jabeur,01:06:43,2,6,102,1,0,2,3,30,30,1,2,1,53,49,0,0,0,0,0,0,0,0,0,0,1,0,0,0,0,0,0,0,0,0,0,11.514,18.123,3,72,BC,NCTL,ND
2023-wimbledon-2701,Marketa Vondrousova,Ons Jabeur,01:07:25,2,6,103,1,0,2,3,40,30,1,1,1,54,49,1,0,0,0,0,0,0,0,0,0,0,1,0,1,0,0,0,0,0,0,0,34.211,54.192,9,101,BW,CTL,D
2023-wimbledon-2701,Marketa Vondrousova,Ons Jabeur,01:08:22,2,7,104,1,0,3,3,0,0,2,2,2,54,50,0,0,0,0,0,1,B,0,0,0,0,0,1,0,1,0,0,0,0,0,0,27.373,20.734,7,86,B,CTL,ND
2023-wimbledon-2701,Marketa Vondrousova,Ons Jabeur,01:08:58,2,7,105,1,0,3,3,0,15,2,2,1,55,50,0,0,0,0,0,0,0,0,0,0,1,0,0,0,0,0,0,0,0,0,0,21.0,17.846,6,76,BC,NCTL,ND
2023-wimbledon-2701,Marketa Vondrousova,Ons Jabeur,01:09:35,2,7,106,1,0,3,3,15,15,2,2,1,56,50,0,0,0,0,0,0,0,0,0,0,0,0,0,0,0,0,0,0,0,0,0,13.004,11.466,4,82,B,NCTL,ND
2023-wimbledon-2701,Marketa Vondrousova,Ons Jabeur,01:10:08,2,7,107,1,0,3,3,30,15,2,2,2,56,51,0,0,0,0,0,0,0,0,0,1,0,0,0,0,0,0,0,0,0,0,0,3.631,3.699,1,78,B,NCTL,ND
2023-wimbledon-2701,Marketa Vondrousova,Ons Jabeur,01:10:34,2,7,108,1,0,3,3,30,30,2,1,2,56,52,0,0,0,0,0,1,0,0,0,0,0,0,0,0,0,0,0,0,0,0,0,1.175,0.627,1,108,C,CTL,
2023-wimbledon-2701,Marketa Vondrousova,Ons Jabeur,01:10:49,2,7,109,1,0,3,3,30,40,2,1,2,56,53,2,0,0,0,0,1,F,0,0,0,0,0,0,0,0,0,0,0,0,0,0,20.515,14.328,5,90,C,NCTL,ND
2023-wimbledon-2701,Marketa Vondrousova,Ons Jabeur,01:12:23,2,8,110,1,0,3,4,0,0,1,1,1,57,53,0,0,0,0,0,0,0,0,0,0,0,0,0,0,0,0,0,0,0,0,0,6.422,11.311,1,103,C,NCTL,D
2023-wimbledon-2701,Marketa Vondrousova,Ons Jabeur,01:12:47,2,8,111,1,0,3,4,15,0,1,1,1,58,53,0,0,0,0,1,0,0,0,0,0,0,0,0,0,0,0,0,0,0,0,0,1.042,1.389,1,112,C,NCTL,
2023-wimbledon-2701,Marketa Vondrousova,Ons Jabeur,01:13:04,2,8,112,1,0,3,4,30,0,1,2,2,58,54,0,0,0,0,0,0,0,1,0,1,0,0,0,0,0,0,0,0,0,0,0,4.391,6.028,0,0,B,CTL,ND
2023-wimbledon-2701,Marketa Vondrousova,Ons Jabeur,01:13:35,2,8,113,1,0,3,4,30,15,1,1,1,59,54,0,0,0,0,1,0,B,0,0,0,0,0,0,0,0,0,0,0,0,0,0,7.877,17.953,3,95,W,CTL,ND
2023-wimbledon-2701,Marketa Vondrousova,Ons Jabeur,01:13:56,2,8,114,1,0,3,4,40,15,1,2,1,60,54,1,0,0,0,0,0,0,0,0,0,1,0,0,0,0,0,0,0,0,0,0,5.223,6.962,1,77,BC,NCTL,D
2023-wimbledon-2701,Marketa Vondrousova,Ons Jabeur,01:14:34,2,9,115,1,0,4,4,0,0,2,1,1,61,54,0,0,0,0,0,0,0,0,0,0,1,0,1,0,0,0,0,0,0,0,0,12.391,10.765,2,93,W,NCTL,ND
2023-wimbledon-2701,Marketa Vondrousova,Ons Jabeur,01:14:52,2,9,116,1,0,4,4,15,0,2,1,2,61,55,0,0,0,0,0,1,F,0,0,0,0,0,1,0,1,0,0,0,0,0,0,16.329,12.545,5,105,C,NCTL,ND
2023-wimbledon-2701,Marketa Vondrousova,Ons Jabeur,01:15:22,2,9,117,1,0,4,4,15,15,2,2,1,62,55,0,0,0,0,0,0,0,0,0,0,1,0,0,0,0,0,0,0,0,0,0,10.307,8.289,2,74,BW,NCTL,ND
2023-wimbledon-2701,Marketa Vondrousova,Ons Jabeur,01:15:51,2,9,118,1,0,4,4,30,15,2,1,2,62,56,0,0,0,0,0,1,F,0,0,0,0,0,1,0,1,0,0,0,0,0,0,15.603,14.085,5,104,C,NCTL,ND
2023-wimbledon-2701,Marketa Vondrousova,Ons Jabeur,01:16:14,2,9,119,1,0,4,4,30,30,2,1,1,63,56,0,0,0,0,0,0,0,0,0,0,1,0,0,0,0,0,0,0,0,0,0,8.856,6.152,2,97,B,NCTL,ND
2023-wimbledon-2701,Marketa Vondrousova,Ons Jabeur,01:16:33,2,9,120,1,0,4,4,40,30,2,2,1,64,56,1,0,0,0,0,0,0,0,0,0,1,0,0,0,0,1,0,1,0,0,0,17.062,14.132,4,74,B,NCTL,ND
2023-wimbledon-2701,Marketa Vondrousova,Ons Jabeur,01:18:13,2,10,121,1,0,5,4,0,0,1,1,1,65,56,0,0,0,0,0,0,0,0,0,0,1,0,0,0,0,0,0,0,0,0,0,38.604,77.86,11,100,C,CTL,D
2023-wimbledon-2701,Marketa Vondrousova,Ons Jabeur,01:18:48,2,10,122,1,0,5,4,15,0,1,1,1,66,56,0,0,0,0,0,0,0,0,0,0,0,1,0,1,0,0,0,0,0,0,0,12.737,18.994,3,106,C,NCTL,ND
2023-wimbledon-2701,Marketa Vondrousova,Ons Jabeur,01:19:16,2,10,123,1,0,5,4,30,0,1,1,1,67,56,0,0,0,0,0,0,0,0,0,0,0,0,0,0,0,0,0,0,0,0,0,40.082,47.854,9,113,BW,CTL,ND
2023-wimbledon-2701,Marketa Vondrousova,Ons Jabeur,01:19:57,2,10,124,1,0,5,4,40,0,1,2,2,67,57,0,0,0,0,0,0,0,1,0,1,0,0,0,0,0,0,0,0,0,0,0,1.522,1.969,0,0,C,NCTL,
2023-wimbledon-2701,Marketa Vondrousova,Ons Jabeur,01:20:28,2,10,125,1,0,5,4,40,15,1,1,1,68,57,1,1,0,0,1,0,B,0,0,0,0,1,0,1,0,0,0,0,0,0,0,20.288,16.913,5,106,C,NCTL,ND
